Presion,Potencia,Area,Tiempo
2.9487105063142187,3.539437725786742,1,2023-11-20 23:46:41
4.33132886577234,1.7076340541541635,2,2023-11-20 23:46:41
5.207113774323102,3.818855142819893,3,2023-11-20 23:46:41
2.509508234124024,-4.213376561152965,4,2023-11-20 23:46:42
3.875051648333101,1.085539006702997,1,2023-11-20 23:46:52
8.420369341092371,2.6917920785824476,2,2023-11-20 23:46:52
2.5110827477475928,6.336461672209479,3,2023-11-20 23:46:52
3.3357964899371213,5.414205362129534,4,2023-11-20 23:46:52
9.87489816870481,2.256227083612696,1,2023-11-20 23:52:31
3.5502044463205724,4.377609412058814,2,2023-11-20 23:52:31
3.142929870212506,5.986748607070629,3,2023-11-20 23:52:31
2.1625083807472842,0.8206446402683549,4,2023-11-20 23:52:31
1.903369491433177,3.0129971636601445,1,2023-11-20 23:52:41
2.9792170316501627,1.6256982011621346,2,2023-11-20 23:52:41
3.8121914108612067,3.763690814452166,3,2023-11-20 23:52:41
2.671748999198194,3.295744989938049,4,2023-11-20 23:52:42
3.6750005187862125,1.5553058284986532,1,2023-11-20 23:54:49
3.4731147986170825,3.885724084934191,2,2023-11-20 23:54:49
2.6653184243364088,2.9018940206076955,3,2023-11-20 23:54:49
4.928887842860525,3.4820325452599312,4,2023-11-20 23:54:49
6.720761558326927,5.1730487672469305,1,2023-11-20 23:54:59
3.6732460579093282,3.828633150835583,2,2023-11-20 23:54:59
3.9614873984015326,3.60240490664119,3,2023-11-20 23:54:59
5.208872353253977,2.6295260045310376,4,2023-11-20 23:54:59
0.8925378224455565,5.183393318287459,1,2023-11-20 23:55:09
5.388509693474525,2.307218939707957,2,2023-11-20 23:55:09
2.439710070102076,2.6194488081228227,3,2023-11-20 23:55:09
4.535281384372686,2.3886718426618065,4,2023-11-20 23:55:09
3.799237152405559,4.029834806440804,1,2023-11-20 23:55:19
3.0614882188347883,2.7864819687393347,2,2023-11-20 23:55:19
5.693192440336873,1.059237059282781,3,2023-11-20 23:55:19
3.6970372274817622,5.1468673093768835,4,2023-11-20 23:55:19
3.550976268908437,3.830587584292226,1,2023-11-20 23:55:29
3.9330224317194418,2.1400589467655777,2,2023-11-20 23:55:29
3.9344318731868384,5.733455163596084,3,2023-11-20 23:55:29
2.668381045456935,5.567669448259455,4,2023-11-20 23:55:29
4.353230709405304,3.3289978714338724,1,2023-11-20 23:57:48
3.250810640644391,4.968251750949207,2,2023-11-20 23:57:48
3.6594640158062415,2.338918958529511,3,2023-11-20 23:57:48
4.68686279848936,2.7049177088414935,4,2023-11-20 23:57:48
2.472124045914418,5.603151144651346,1,2023-11-20 23:57:58
3.891433051886137,1.3167874595841313,2,2023-11-20 23:57:58
2.640181000909845,6.155823171495688,3,2023-11-20 23:57:58
3.316640002020525,5.987157899415144,4,2023-11-20 23:57:58
3.953226688584794,2.1523376725630197,1,2023-11-20 23:58:08
3.6108332286866127,2.08988748133123,2,2023-11-20 23:58:08
3.9282373723780277,3.070568110847236,3,2023-11-20 23:58:08
4.064894396693273,3.4669641215251383,4,2023-11-20 23:58:08
4.336848263793831,4.746757932761442,1,2023-11-20 23:58:18
3.90766424906111,5.0042174678813565,2,2023-11-20 23:58:18
4.311258127411376,4.690338592987602,3,2023-11-20 23:58:18
3.2870544508145434,3.8494098874543408,4,2023-11-20 23:58:18
4.137827505372925,2.966177258102161,1,2023-11-20 23:58:29
2.637283859317724,4.9240606420868405,2,2023-11-20 23:58:29
2.7981121567586866,0.8620317140158416,3,2023-11-20 23:58:29
2.614898958458367,2.913035637759124,4,2023-11-20 23:58:29
2.058323045995353,3.6734228702589045,1,2023-11-20 23:58:39
2.6651434738620137,4.470659500996349,2,2023-11-20 23:58:39
2.7860631530294753,0.31920392224596794,3,2023-11-20 23:58:39
1.202350134494805,3.228485583312293,4,2023-11-20 23:58:39
1.5582276350629336,5.1613722535711695,1,2023-11-20 23:59:56
3.2935549922723046,-1.0522662812953492,2,2023-11-20 23:59:56
3.267632913845118,3.5126006805002983,3,2023-11-20 23:59:56
3.8106657673853483,3.0992246575011175,4,2023-11-20 23:59:56
4.432723334299405,5.027037776021027,1,2023-11-21 00:00:06
3.196393876829219,2.6672354859831207,2,2023-11-21 00:00:06
3.479680951874475,7.27829816470364,3,2023-11-21 00:00:06
5.435575563504141,4.823523403045568,4,2023-11-21 00:00:06
3.277607064092288,2.380715309675722,1,2023-11-21 00:00:17
3.839782907513605,3.3728397393779823,2,2023-11-21 00:00:17
-2.1567414757516055,3.296208287499809,3,2023-11-21 00:00:17
2.901404927616907,2.4546134795868784,4,2023-11-21 00:00:17
4.392517724196548,2.363871115383615,1,2023-11-21 00:00:27
3.3738147832895677,4.764695829111878,2,2023-11-21 00:00:27
2.472435260084147,1.7619355735776536,3,2023-11-21 00:00:27
2.920743107125368,2.5788685649491647,4,2023-11-21 00:00:27
2.444772954990703,1.2974454717824933,1,2023-11-21 00:00:37
3.473904283955537,3.029134190353141,2,2023-11-21 00:00:37
3.765883914897872,6.027667484895748,3,2023-11-21 00:00:37
4.090922632457268,1.8436775250472737,4,2023-11-21 00:00:37
0.47418696770397517,1.4523344710236823,1,2023-11-21 00:00:47
4.422049163224768,3.3908628491647885,2,2023-11-21 00:00:47
1.5709203371002647,3.1615374320896916,3,2023-11-21 00:00:47
2.4828207096151003,3.0585626975165456,4,2023-11-21 00:00:47
2.034692947389827,3.6557777392807953,1,2023-11-21 00:00:57
4.127987040274,3.744288632769374,2,2023-11-21 00:00:57
1.6519879474104047,3.66627764817703,3,2023-11-21 00:00:57
5.33763535488368,12.521730279928386,4,2023-11-21 00:00:57
2.744455506384509,3.7680557370528645,1,2023-11-21 00:02:03
2.3100847534878306,2.437217393592621,2,2023-11-21 00:02:03
3.805353085873847,5.70025018524499,3,2023-11-21 00:02:03
4.274472160034747,5.803190858750435,4,2023-11-21 00:02:03
5.304265538017516,4.480223489202407,1,2023-11-21 00:02:13
3.504637687283427,2.409272965573816,2,2023-11-21 00:02:13
3.5919443067407744,5.03608962822677,3,2023-11-21 00:02:13
0.8877771078936867,1.7669633787415508,4,2023-11-21 00:02:13
3.9217792641150764,0.04725989318014889,1,2023-11-21 00:02:23
3.421143947339704,4.324378190003359,2,2023-11-21 00:02:23
2.6278544002432165,4.144403416891406,3,2023-11-21 00:02:23
4.437815448890074,1.7089503192971873,4,2023-11-21 00:02:23
6.4009690318977235,5.1105508818694965,1,2023-11-21 00:02:49
3.7185404133828084,2.4693704033704904,2,2023-11-21 00:02:49
2.358272763707379,1.9475407846817836,3,2023-11-21 00:02:49
3.8365096838061645,2.8239947077936325,4,2023-11-21 00:02:49
5.152075881248689,1.966951072946784,1,2023-11-21 00:02:59
3.132463864619752,2.6579183139643683,2,2023-11-21 00:02:59
2.769337263617009,4.53212856150528,3,2023-11-21 00:02:59
4.3373667681385095,1.698537725247706,4,2023-11-21 00:02:59
3.17018199420783,4.302243940931118,1,2023-11-21 00:03:09
1.9902948010707067,4.436411442317376,2,2023-11-21 00:03:09
4.825128293980341,26.893705135883426,3,2023-11-21 00:03:09
3.3664804188055886,3.2185714136342227,4,2023-11-21 00:03:10
4.675986849276105,0.6357855476676568,1,2023-11-21 00:03:20
4.83936014184993,4.722945159317632,2,2023-11-21 00:03:20
4.184970608786513,3.6117335248899107,3,2023-11-21 00:03:20
3.2082077060380634,1.8761382784863512,4,2023-11-21 00:03:20
3.8236024611129014,4.011465546453792,1,2023-11-21 00:06:03
4.247235379014314,1.4794346244036882,2,2023-11-21 00:06:03
2.6529755805480857,2.341420605925762,3,2023-11-21 00:06:03
2.1866246958301323,1.1797136368626173,4,2023-11-21 00:06:03
3.339440612149896,3.422053986218071,1,2023-11-21 00:06:13
4.794740718048241,2.9723892545402015,2,2023-11-21 00:06:14
2.974684369936001,3.1748194765279067,3,2023-11-21 00:06:14
4.228673204106692,1.921261106857088,4,2023-11-21 00:06:14
3.2113536028498637,5.581405537618222,1,2023-11-21 00:06:24
4.903850886352895,3.471966864362724,2,2023-11-21 00:06:24
3.9066631861333865,-6.402783810120006,3,2023-11-21 00:06:24
3.710017425216995,2.1565702518743026,4,2023-11-21 00:06:24
4.222201830329911,3.2663956514369215,1,2023-11-21 00:13:02
2.14139307073271,1.8117402511152902,2,2023-11-21 00:13:02
4.159354703288049,5.416963653374933,3,2023-11-21 00:13:02
3.2718735639758516,4.674276692630169,4,2023-11-21 00:13:02
3.5694607392501227,1.2111517346690803,1,2023-11-21 00:13:12
4.233477407032862,2.1514810436465552,2,2023-11-21 00:13:12
3.2933738640664716,3.105951123874205,3,2023-11-21 00:13:12
4.141231247953134,2.4480584390986095,4,2023-11-21 00:13:12
8.504385184268305,1.7900165649020645,1,2023-11-21 00:13:22
3.0180017651009097,1.509922756863685,2,2023-11-21 00:13:22
2.1469724166123894,3.8133813283501077,3,2023-11-21 00:13:22
3.8445587630855353,4.544581450785737,4,2023-11-21 00:13:22
2.583668543564964,1.7369575318523145,1,2023-11-21 00:13:33
4.323350859268511,1.2897374682805984,2,2023-11-21 00:13:33
1.7419892252182,4.71797847936014,3,2023-11-21 00:13:33
4.133817996651868,3.1978467454235515,4,2023-11-21 00:13:33
1.4646384631035798,2.1056385034677985,1,2023-11-21 00:13:51
3.909110573692403,3.16037244247176,2,2023-11-21 00:13:51
4.254354908534402,2.827000787326239,3,2023-11-21 00:13:51
2.5515702627958525,2.1703428868573997,4,2023-11-21 00:13:51
3.557814429606339,4.18990782656397,1,2023-11-21 00:14:01
4.292841592472005,1.9503488682422265,2,2023-11-21 00:14:01
2.9180435344630333,2.3381070904205696,3,2023-11-21 00:14:01
3.272119806662813,4.2719416617674835,4,2023-11-21 00:14:01
3.4237670129179123,7.162941615254918,1,2023-11-21 00:14:11
2.8933541454856204,2.919355249280355,2,2023-11-21 00:14:11
1.9743181535888814,1.2727520013186426,3,2023-11-21 00:14:11
3.413944535192204,3.8858126388804,4,2023-11-21 00:14:11
2.6304061987354235,1.4860330088834246,1,2023-11-21 00:14:21
3.290664753159182,4.124529323641156,2,2023-11-21 00:14:21
2.177171383934162,4.374215988456127,3,2023-11-21 00:14:21
3.6798003029640522,8.267892294804561,4,2023-11-21 00:14:21
5.681881377476721,4.721694016359506,1,2023-11-21 00:14:32
2.9041458186075984,2.7660699001908733,2,2023-11-21 00:14:32
5.47974041465009,4.09828714928545,3,2023-11-21 00:14:32
3.783389571809019,2.9804345213055954,4,2023-11-21 00:14:32
3.1388406226459864,1.2696810516824484,1,2023-11-21 00:14:42
4.295218672194931,3.1200314956505752,2,2023-11-21 00:14:42
4.59770730231885,6.41400163662151,3,2023-11-21 00:14:42
3.099654698172035,1.420187857975693,4,2023-11-21 00:14:42
3.4390045194649734,2.1357893259655665,1,2023-11-21 00:14:52
3.6251565298722737,5.475956305719239,2,2023-11-21 00:14:52
3.643149531152897,2.2642871094157324,3,2023-11-21 00:14:52
2.0874448697852763,1.54997492119786,4,2023-11-21 00:14:52
3.183843566408783,4.0715251109678965,1,2023-11-21 00:15:02
1.74264485933528,3.3829118529440474,2,2023-11-21 00:15:02
3.152047172028164,3.8525209629440327,3,2023-11-21 00:15:02
4.077506949492643,5.082971249663695,4,2023-11-21 00:15:02
3.4408884532497126,4.617388596248472,1,2023-11-21 00:15:12
3.1817275220981682,3.81548737082364,2,2023-11-21 00:15:12
9.185291776840645,5.859451709898961,3,2023-11-21 00:15:12
2.1519286043910792,6.5034839289920665,4,2023-11-21 00:15:13
5.882801493746532,1.9032316049073157,1,2023-11-21 00:15:23
3.116076683957106,3.8089285593680646,2,2023-11-21 00:15:23
3.8580222189936295,2.7850244484347697,3,2023-11-21 00:15:23
2.216800945665449,5.518656777926381,4,2023-11-21 00:15:23
3.2689758760376506,4.574328295155571,1,2023-11-21 00:15:33
3.9297008902156763,3.713499831141377,2,2023-11-21 00:15:33
3.071719499437188,5.869326516534898,3,2023-11-21 00:15:33
4.399052501464042,4.633243429607351,4,2023-11-21 00:15:33
4.37325333520834,5.000136744631579,1,2023-11-21 00:15:43
1.796695814503475,4.7219344321763685,2,2023-11-21 00:15:43
3.6104911680472616,4.761938636943951,3,2023-11-21 00:15:43
1.3638196006359484,5.381953118335508,4,2023-11-21 00:15:43
4.86861600877888,-0.020130364348111662,1,2023-11-21 00:15:53
3.993526414941382,4.499760834999474,2,2023-11-21 00:15:53
1.4670403491640913,2.810882798892748,3,2023-11-21 00:15:53
3.404916501527515,2.120934076237814,4,2023-11-21 00:15:53
2.5595439695675486,3.5188482042745153,1,2023-11-21 00:16:03
4.70208295995833,1.8181564340649543,2,2023-11-21 00:16:03
-3.7377339588330782,3.0795184512597684,3,2023-11-21 00:16:03
5.2915435588919655,-3.33170615927025,4,2023-11-21 00:16:03
4.95475854320662,3.203495500462856,1,2023-11-21 00:16:14
4.478476661402408,1.8488458343592444,2,2023-11-21 00:16:14
2.79683590857769,-12.303918515769553,3,2023-11-21 00:16:14
4.519530840459478,14.864530216152655,4,2023-11-21 00:16:14
3.9300829996451925,1.5475491006640407,1,2023-11-21 00:16:24
3.473889638201243,0.47868180463259513,2,2023-11-21 00:16:24
3.969159389158058,5.643078224221912,3,2023-11-21 00:16:24
2.02025429537402,2.036780860687565,4,2023-11-21 00:16:24
4.66445047553133,2.8472524132212698,1,2023-11-21 00:16:34
3.454084606976123,4.242837266782384,2,2023-11-21 00:16:34
3.026180071205462,2.6663309296791193,3,2023-11-21 00:16:34
-0.9387052188634968,6.4511541456622945,4,2023-11-21 00:16:34
4.5861183348319665,3.2590377499248415,1,2023-11-21 00:16:44
4.55920441993435,3.3172754015222545,2,2023-11-21 00:16:44
3.4109601484301058,6.38392621959714,3,2023-11-21 00:16:44
3.888663072586459,2.3074302161095286,4,2023-11-21 00:16:44
4.7270273151595035,1.1670792943326025,1,2023-11-21 00:16:54
3.274616089626618,-0.0173746636029799,2,2023-11-21 00:16:54
1.1677585289430237,5.787185847264523,3,2023-11-21 00:16:55
3.1606455138151874,-4.639715406856821,4,2023-11-21 00:16:55
3.0354159213385725,4.065827500479665,1,2023-11-21 00:17:05
2.0537423044904863,1.0609903086427548,2,2023-11-21 00:17:05
2.0825101508377264,4.590034021091261,3,2023-11-21 00:17:05
2.365030066470071,4.256971727132733,4,2023-11-21 00:17:05
0.793864728059428,0.40240158455402364,1,2023-11-21 00:17:15
2.6597783806517157,4.010615814845141,2,2023-11-21 00:17:15
3.632692122736067,4.291738520350555,3,2023-11-21 00:17:15
3.1380016641894635,1.8198118840374167,4,2023-11-21 00:17:15
4.334192219241006,3.276691154969671,1,2023-11-21 00:17:25
3.8761160135955577,3.3662810471117344,2,2023-11-21 00:17:25
3.817941990154393,3.6034031329020104,3,2023-11-21 00:17:25
4.0385415078182545,5.60329472364489,4,2023-11-21 00:17:25
4.296147718269663,4.479741066699646,1,2023-11-21 00:17:35
3.4437064230997083,0.706774077000837,2,2023-11-21 00:17:35
2.8845497639240443,4.007548782731089,3,2023-11-21 00:17:35
2.2458775305364282,5.475993050477036,4,2023-11-21 00:17:35
3.337339926718906,4.748939998316658,1,2023-11-21 00:17:45
2.144334388999793,5.412420826448808,2,2023-11-21 00:17:45
4.599292295455438,2.3794377605587984,3,2023-11-21 00:17:45
1.9030950830836137,3.9314491444982043,4,2023-11-21 00:17:45
2.6980496765467574,1.7243035395074202,1,2023-11-21 00:17:55
3.8303654587587417,5.835874165451816,2,2023-11-21 00:17:55
3.7505066121853243,2.990680490739506,3,2023-11-21 00:17:55
3.4547267828892716,4.19311027256731,4,2023-11-21 00:17:55
2.7020159942635016,1.4148417694757836,1,2023-11-21 00:18:06
3.792662710777841,4.176524251717038,2,2023-11-21 00:18:06
3.3813353970694258,3.0408510379815827,3,2023-11-21 00:18:06
3.385275007022121,4.173140784987798,4,2023-11-21 00:18:06
3.7249353419795934,4.803952661195713,1,2023-11-21 00:18:16
3.8435290605904244,1.919285681464139,2,2023-11-21 00:18:16
5.486382554377183,1.289816256677112,3,2023-11-21 00:18:16
4.457266143575552,1.9668360259171622,4,2023-11-21 00:18:16
-1.22595317598452,7.324253229386731,1,2023-11-21 00:18:26
3.2210101567902765,0.6175105352077912,2,2023-11-21 00:18:26
3.8921892443517723,5.32334508539294,3,2023-11-21 00:18:26
4.7802639867802945,5.001446216309317,4,2023-11-21 00:18:26
3.809700319223918,1.642964209946208,1,2023-11-21 00:18:36
3.578563428917135,3.470152563881978,2,2023-11-21 00:18:36
3.8256581528377245,2.209538547091734,3,2023-11-21 00:18:37
4.187115923874438,-16.232234355536626,4,2023-11-21 00:18:37
3.487063425741137,2.4857520113537896,1,2023-11-21 00:18:47
2.2222755954602604,2.87311525745108,2,2023-11-21 00:18:47
4.070327875974684,5.32676710622489,3,2023-11-21 00:18:47
2.8651162249529287,2.6184674536164163,4,2023-11-21 00:18:47
3.1105127066934397,-13.555449905471256,1,2023-11-21 00:18:57
3.116493031696689,0.3297595169315328,2,2023-11-21 00:18:57
1.8805734601013386,1.0443986497182847,3,2023-11-21 00:18:57
4.303930533474802,3.090075424060965,4,2023-11-21 00:18:57
4.814621600975965,5.366749850863671,1,2023-11-21 00:19:08
5.089507527377858,1.5885129517061858,2,2023-11-21 00:19:08
2.5412326336205653,3.2962471588481383,3,2023-11-21 00:19:08
5.409292203215902,2.568803333199785,4,2023-11-21 00:19:08
2.0752034952771736,3.545424850545609,1,2023-11-21 00:19:18
3.008369262955509,2.1415083272285407,2,2023-11-21 00:19:18
3.1696904432527626,4.608567604773976,3,2023-11-21 00:19:18
4.998750255067423,5.47564995885494,4,2023-11-21 00:19:18
3.1128335229183026,3.089235575358076,1,2023-11-21 00:19:28
1.314303351913661,3.732258007879264,2,2023-11-21 00:19:28
5.124586921940056,4.274564587121147,3,2023-11-21 00:19:28
7.875043336092578,2.773539803756065,4,2023-11-21 00:19:28
4.250594906280178,11.46932509861881,1,2023-11-21 00:19:38
5.041929116429305,4.822084503996365,2,2023-11-21 00:19:38
3.9883801469590185,5.317977338050548,3,2023-11-21 00:19:38
4.356663856019017,4.494635427951837,4,2023-11-21 00:19:38
3.401813577645793,0.4088212148362458,1,2023-11-21 00:19:48
1.462574710102885,3.4683701494055277,2,2023-11-21 00:19:48
3.3463730535956184,5.216875493798439,3,2023-11-21 00:19:48
2.6360280611755096,1.3069930485699914,4,2023-11-21 00:19:48
3.342422929077082,7.3377209306942,1,2023-11-21 00:19:58
4.933718581382765,3.278455669189976,2,2023-11-21 00:19:58
4.5651377270554425,9.797849212179518,3,2023-11-21 00:19:58
3.402951019860395,5.297970732969765,4,2023-11-21 00:19:59
3.0647737921931206,5.143443134026139,1,2023-11-21 00:20:42
1.0159914898702511,1.9659827111812445,2,2023-11-21 00:20:43
3.788442271197497,4.6851334327829175,3,2023-11-21 00:20:43
3.235151428914343,5.641943949296571,4,2023-11-21 00:20:43
3.51918316819476,-1.0991973784166396,1,2023-11-21 00:20:53
1.6509596811657217,3.928408579416651,2,2023-11-21 00:20:53
5.052540107581334,6.280359479539614,3,2023-11-21 00:20:53
2.1450222017276905,3.7269342660269382,4,2023-11-21 00:20:53
2.1504690962010673,-5.453054542253646,1,2023-11-21 00:21:03
3.715087232427228,5.871997462017566,2,2023-11-21 00:21:03
3.763851070135477,1.9831530169416074,3,2023-11-21 00:21:03
-1.0513704953015628,1.1815444865302283,4,2023-11-21 00:21:03
5.177797542574954,5.331089180870663,1,2023-11-21 00:21:14
3.5046478300849593,4.726717030381824,2,2023-11-21 00:21:14
4.451296004257373,2.977249975979596,3,2023-11-21 00:21:14
3.5626118067990777,4.397927807864869,4,2023-11-21 00:21:14
3.0800599766158046,4.128144566491697,1,2023-11-21 13:49:12
2.723170426509454,3.80330471159055,2,2023-11-21 13:49:12
3.193931120972652,3.5643755671049484,3,2023-11-21 13:49:12
1.8440607709703571,2.300185459174865,4,2023-11-21 13:49:12
3.5941300409809287,5.017538870068878,1,2023-11-21 13:49:22
1.7386758781248373,4.09718551923472,2,2023-11-21 13:49:22
3.276847207055435,5.918744648234251,3,2023-11-21 13:49:22
3.9208712844280686,3.053707326535477,4,2023-11-21 13:49:22
2.7822811749620877,4.4102833403137796,1,2023-11-21 13:49:32
4.869648916239269,3.356461186305934,2,2023-11-21 13:49:32
2.075950973456102,3.8910112608533907,3,2023-11-21 13:49:33
2.4167451517250447,2.9522081760241266,4,2023-11-21 13:49:33
2.5059652640389714,5.054581003144328,1,2023-11-21 13:49:43
3.5618045352382177,4.329246048829999,2,2023-11-21 13:49:43
4.473077186268068,-10.821612349684262,3,2023-11-21 13:49:43
4.517710273379977,4.337126256976879,4,2023-11-21 13:49:43
3.743856767015625,2.9101992293578567,1,2023-11-21 13:49:53
3.290347270021991,2.3189771514009467,2,2023-11-21 13:49:53
3.8657974511516366,9.299104235357522,3,2023-11-21 13:49:53
3.8735848602738248,3.8743048692669246,4,2023-11-21 13:49:53
4.8538302670172815,5.476342857768223,1,2023-11-21 13:50:03
3.444731912469508,0.2929576388437449,2,2023-11-21 13:50:03
2.5095633008131557,1.4738868037016992,3,2023-11-21 13:50:03
4.56698401583129,4.973908087404088,4,2023-11-21 13:50:03
5.664827016168126,2.4938148852855893,1,2023-11-21 13:50:13
5.009360799003636,6.332154620959029,2,2023-11-21 13:50:13
4.022986147349691,1.494412966415318,3,2023-11-21 13:50:13
3.0303419146786954,4.536534379335892,4,2023-11-21 13:50:13
3.7436271272550043,2.370310465586836,1,2023-11-21 13:50:23
4.128585115917206,5.910271274163847,2,2023-11-21 13:50:23
2.012471590573452,2.3842643192440613,3,2023-11-21 13:50:23
3.9225752946452044,2.705441320963805,4,2023-11-21 13:50:23
3.9140194210797437,5.543216121905916,1,2023-11-21 13:50:33
3.377929243592859,0.18262466440728664,2,2023-11-21 13:50:33
3.220536708854752,5.634288170047165,3,2023-11-21 13:50:33
4.472813043439623,2.5618686985797976,4,2023-11-21 13:50:33
3.2877432208975024,1.8025063387105664,1,2023-11-21 13:50:43
6.92150161959894,1.9167933678782931,2,2023-11-21 13:50:44
3.5155985877274945,2.2894098332277077,3,2023-11-21 13:50:44
2.8043875631274666,2.557244990999964,4,2023-11-21 13:50:44
-1.6709616438124986,3.8272397008059467,1,2023-11-21 13:50:54
3.2279638686788856,-0.6940226672338463,2,2023-11-21 13:50:54
3.1808339052914394,-0.5421317747033285,3,2023-11-21 13:50:54
2.0524925242225915,1.183890551434228,4,2023-11-21 13:50:54
3.9298577959003054,2.222412625275439,1,2023-11-21 13:51:04
3.8832947779112668,2.398625735840975,2,2023-11-21 13:51:04
3.5026340234218343,2.8359084927078095,3,2023-11-21 13:51:04
4.359498216732819,2.4750280459825316,4,2023-11-21 13:51:04
3.0496966306570603,3.6473848498350945,1,2023-11-21 13:51:14
3.194254310855544,2.0446158721069656,2,2023-11-21 13:51:14
4.646105175579205,3.227682371079673,3,2023-11-21 13:51:14
2.5479894135941765,4.859332837431994,4,2023-11-21 13:51:14
8.730424939278917,3.407203640217424,1,2023-11-21 13:51:24
0.5011985020510785,3.0886544550841366,2,2023-11-21 13:51:24
4.3171599681550665,6.093964458592924,3,2023-11-21 13:51:24
3.19195393590599,1.8808537443674997,4,2023-11-21 13:51:24
2.7151702591849682,1.9998116855890435,1,2023-11-21 13:51:35
4.243528684336681,1.7286856411120581,2,2023-11-21 13:51:35
3.4065415371552095,5.431496948840448,3,2023-11-21 13:51:35
2.815794784856655,13.033171909764672,4,2023-11-21 13:51:35
3.4088165956877146,3.8779560639029653,1,2023-11-21 13:51:45
3.8805994402314683,4.443085096523761,2,2023-11-21 13:51:45
2.655801103284844,4.999469417817108,3,2023-11-21 13:51:45
0.6610744424572337,4.993476453188908,4,2023-11-21 13:51:45
3.4444887183543216,3.7700102144808145,1,2023-11-21 13:51:55
3.7279694612015017,3.3975422396364485,2,2023-11-21 13:51:55
3.710225796007296,1.286964688334025,3,2023-11-21 13:51:55
3.339506275106945,1.44013554776924,4,2023-11-21 13:51:55
4.267559682289509,5.628913028807691,1,2023-11-21 13:52:05
2.780066411225436,4.5315432626059335,2,2023-11-21 13:52:05
2.6299599538917917,6.791508597347514,3,2023-11-21 13:52:05
0.6604717125768444,18.222836418141622,4,2023-11-21 13:52:05
3.002496647651591,5.28579214072926,1,2023-11-21 13:52:15
-3.143432726409274,4.56692359257763,2,2023-11-21 13:52:15
3.191907527815112,2.78240567467397,3,2023-11-21 13:52:16
4.038749443660812,-4.385210860158275,4,2023-11-21 13:52:16
1.881092034180625,4.960130200177554,1,2023-11-21 13:52:26
4.439179901245364,3.258594395182747,2,2023-11-21 13:52:26
2.5334266107024783,1.5597119579177365,3,2023-11-21 13:52:26
2.07561854209541,4.519540991677367,4,2023-11-21 13:52:26
4.042814044402936,5.2191140043182545,1,2023-11-21 13:52:36
4.534332611867764,2.7078937572112984,2,2023-11-21 13:52:36
5.819799423106113,4.724992718150438,3,2023-11-21 13:52:36
2.861351954488855,4.825433278046358,4,2023-11-21 13:52:36
3.0710215079413414,5.175196013400633,1,2023-11-21 13:52:46
3.709681628479218,3.5245121921869753,2,2023-11-21 13:52:46
3.72043752069532,3.8684719719267178,3,2023-11-21 13:52:47
5.1802443594253536,0.4927567035549787,4,2023-11-21 13:52:47
3.4043608727253707,-0.49364742234791503,1,2023-11-21 13:52:57
2.9626989312088576,4.101963972165162,2,2023-11-21 13:52:57
2.8115824013086006,5.437698273304675,3,2023-11-21 13:52:57
3.959610257178075,4.9240900131201135,4,2023-11-21 13:52:57
3.1845707720308907,3.1480737643679806,1,2023-11-21 13:53:07
3.2682992331847465,3.342497921418639,2,2023-11-21 13:53:07
2.68331204486739,4.420384339426625,3,2023-11-21 13:53:07
3.5159281613176105,6.305161166518215,4,2023-11-21 13:53:07
3.797781759875595,3.5011207589147864,1,2023-11-21 13:53:17
5.800551119418426,5.193638856559347,2,2023-11-21 13:53:17
2.511693345458846,4.731202382606609,3,2023-11-21 13:53:17
4.993442411536343,5.142536316370382,4,2023-11-21 13:53:18
2.7697628249910187,4.000594474235126,1,2023-11-21 13:53:28
3.08477619590078,4.491570431756979,2,2023-11-21 13:53:28
4.3591700859792075,5.618693288657704,3,2023-11-21 13:53:28
-3.4887184896271677,1.038649761651036,4,2023-11-21 13:53:28
3.1835540740329127,4.2849282955807055,1,2023-11-21 13:53:38
1.2015737490495662,3.570726499915762,2,2023-11-21 13:53:38
4.0304726431946865,5.3636945400813385,3,2023-11-21 13:53:38
3.3491633559048957,4.127290159804485,4,2023-11-21 13:53:38
2.639814025997607,18.385680008013036,1,2023-11-21 13:53:48
3.6191222070719316,2.3698278757497686,2,2023-11-21 13:53:48
4.0725566834337,1.1976065691663376,3,2023-11-21 13:53:49
3.1836653851243435,0.9427453467572597,4,2023-11-21 13:53:49
3.3474031743518773,5.831224462051766,1,2023-11-21 13:53:59
2.886634665222606,6.796362776458907,2,2023-11-21 13:53:59
2.809445048734413,1.6524507176438585,3,2023-11-21 13:53:59
4.187074379238754,4.613898965126431,4,2023-11-21 13:53:59
5.26723743659445,2.6456644575185564,1,2023-11-21 13:54:09
3.810405705693736,5.9895615496215555,2,2023-11-21 13:54:09
3.01973083426603,5.433638396933203,3,2023-11-21 13:54:09
2.8388840144984244,4.781216298990454,4,2023-11-21 13:54:09
4.23806184551652,6.043810108334936,1,2023-11-21 13:54:19
3.373239461898842,3.887617619628067,2,2023-11-21 13:54:19
4.260558889594644,1.699391428740686,3,2023-11-21 13:54:19
6.148623901258988,1.320887027868642,4,2023-11-21 13:54:19
-2.139019675452305,2.2755710122421324,1,2023-11-21 13:54:30
4.4168395172177295,4.3546221928723154,2,2023-11-21 13:54:30
4.2351062179945265,13.192841959193174,3,2023-11-21 13:54:30
1.9542351188824383,3.661337790461423,4,2023-11-21 13:54:30
7.514494438902701,3.705243853590838,1,2023-11-21 13:54:40
3.0494472111504343,2.716587719064947,2,2023-11-21 13:54:41
1.3360575573037101,3.081363573855953,3,2023-11-21 13:54:41
4.784543200469054,1.90740278249782,4,2023-11-21 13:54:41
3.231869685312259,1.0207299314006328,1,2023-11-21 13:54:51
2.570675406386771,0.16162428860643674,2,2023-11-21 13:54:51
3.5942835749577458,2.5753601030404876,3,2023-11-21 13:54:51
2.203252859221625,5.105495103131509,4,2023-11-21 13:54:51
3.947398430379096,5.7169097578090255,1,2023-11-21 13:55:01
2.8618814754417237,5.1547038035353046,2,2023-11-21 13:55:01
3.7729246230031697,5.179899317859228,3,2023-11-21 13:55:01
3.4212357582120156,4.60007174345737,4,2023-11-21 13:55:01
3.73072789522272,12.040265558283497,1,2023-11-21 13:55:11
4.882664406437283,3.22482032510509,2,2023-11-21 13:55:11
3.706528551773427,3.6466569805627462,3,2023-11-21 13:55:11
4.66314832832809,3.506597913652703,4,2023-11-21 13:55:11
2.6724319745501215,2.3444765242742602,1,2023-11-21 13:55:22
2.5981431982631107,4.0079619663692085,2,2023-11-21 13:55:22
2.599938390026741,9.913199648205897,3,2023-11-21 13:55:22
1.4511442186625674,2.7886783624119458,4,2023-11-21 13:55:22
3.598429531535143,2.697170175275608,1,2023-11-21 13:55:32
4.384709190362544,-0.26665487287279666,2,2023-11-21 13:55:32
3.8506300116263183,3.180913425849543,3,2023-11-21 13:55:32
2.5932903570519565,5.569441594655746,4,2023-11-21 13:55:32
2.8204593531766604,5.169449136338017,1,2023-11-21 13:55:42
3.456545253910205,3.771036579261305,2,2023-11-21 13:55:42
4.0548684371416766,2.2778745298567085,3,2023-11-21 13:55:42
4.192537289953525,2.1803744386472044,4,2023-11-21 13:55:42
3.4603245642782428,5.197041050539509,1,2023-11-21 13:55:52
1.7997620483216572,0.13292504821882778,2,2023-11-21 13:55:52
4.8153452632083455,2.522694223399902,3,2023-11-21 13:55:52
3.622224617962592,5.780940164631896,4,2023-11-21 13:55:53
1.9554132922034757,2.9070665701167178,1,2023-11-21 13:56:03
3.382604375825969,-0.3736850342637128,2,2023-11-21 13:56:03
2.2609993158960675,2.8144134820169215,3,2023-11-21 13:56:03
2.6144365603801827,2.9050020001945036,4,2023-11-21 13:56:03
3.329802109268968,4.485337240118407,1,2023-11-21 13:56:13
4.8568710001418385,2.717751946269842,2,2023-11-21 13:56:13
4.114158225652073,3.8404233157275276,3,2023-11-21 13:56:13
1.4431435618222381,3.393044490745541,4,2023-11-21 13:56:13
4.87440118183021,5.216867330302453,1,2023-11-21 13:56:23
3.1406942292767055,1.6918817387240526,2,2023-11-21 13:56:23
2.6803951031666284,3.970915813398864,3,2023-11-21 13:56:23
5.266872367865661,4.863459269623926,4,2023-11-21 13:56:23
3.5349637700361103,1.7150513705195138,1,2023-11-21 13:56:33
3.280069908780902,1.670994419444331,2,2023-11-21 13:56:33
3.8884703080371867,2.396328865225181,3,2023-11-21 13:56:33
3.525706281788824,6.587480989805845,4,2023-11-21 13:56:33
1.6224569602487953,2.6037436899007007,1,2023-11-21 13:56:43
3.5376414979141404,4.319502095246224,2,2023-11-21 13:56:43
4.377166353774318,1.7417776910533778,3,2023-11-21 13:56:43
1.6554484301675256,1.866556299870073,4,2023-11-21 13:56:44
4.175276600711321,3.0855800632318395,1,2023-11-21 13:56:54
3.429223890512224,5.1826132478560485,2,2023-11-21 13:56:54
8.724407853137047,3.1259863751832997,3,2023-11-21 13:56:54
2.005754292856224,2.501968737884107,4,2023-11-21 13:56:54
1.966939256133824,1.9413297876421152,1,2023-11-21 13:57:04
4.836985959723444,3.392795765074952,2,2023-11-21 13:57:04
4.066383071667998,0.7747342873547618,3,2023-11-21 13:57:04
2.3190296545391966,4.238707290478631,4,2023-11-21 13:57:04
2.219517266762601,3.8990208678458456,1,2023-11-21 13:57:14
2.5434872480988675,6.788132311625048,2,2023-11-21 13:57:14
2.199877551434925,2.0672737918959045,3,2023-11-21 13:57:14
3.322508033301936,3.586168008371128,4,2023-11-21 13:57:14
2.075608591557017,3.9033623979192527,1,2023-11-21 13:57:24
5.621240937339243,0.8463241621289477,2,2023-11-21 13:57:24
3.360493008533834,5.04668152666889,3,2023-11-21 13:57:24
2.1284764135977805,3.7021194129065753,4,2023-11-21 13:57:24
4.608700131393249,4.758894313772436,1,2023-11-21 13:57:34
2.6421781111013116,0.27911327770903105,2,2023-11-21 13:57:34
-1.1841561976739774,4.107468799263907,3,2023-11-21 13:57:34
3.770277368473237,2.6009543266885955,4,2023-11-21 13:57:35
4.819876194944221,4.849737485538197,1,2023-11-21 13:57:45
3.9747801357103145,3.3562532840211357,2,2023-11-21 13:57:45
3.3961504277582244,3.5942160643847973,3,2023-11-21 13:57:45
3.677429861739342,4.665664785792214,4,2023-11-21 13:57:45
3.4100777513073246,4.614641937754261,1,2023-11-21 13:57:55
13.505733414299511,2.561973770685425,2,2023-11-21 13:57:55
3.2852693711106653,-7.275384878470996,3,2023-11-21 13:57:55
5.197981934511324,2.904788518032975,4,2023-11-21 13:57:55
4.301648643000471,2.6434832423197427,1,2023-11-21 13:58:05
3.756528960138734,5.211755062618462,2,2023-11-21 13:58:05
3.049916771014099,3.573031813975105,3,2023-11-21 13:58:05
3.5870521872648204,14.903888657001655,4,2023-11-21 13:58:05
2.4847844495299425,3.011832456991215,1,2023-11-21 13:58:16
4.232872556322637,4.761626198434977,2,2023-11-21 13:58:16
4.150646321916117,3.207331998975,3,2023-11-21 13:58:16
3.8353526552797907,5.310814580902708,4,2023-11-21 13:58:16
8.697156910888788,-0.017634703501183235,1,2023-11-21 13:58:26
3.50537574975871,-2.1608513411607664,2,2023-11-21 13:58:26
3.49288019874835,0.333107377583429,3,2023-11-21 13:58:26
3.3231852111315727,5.2992224046018075,4,2023-11-21 13:58:26
1.7761968271310995,2.9014460969254263,1,2023-11-21 13:58:36
3.8421290888066952,0.1581534104932274,2,2023-11-21 13:58:36
3.239807357031057,5.166746527159209,3,2023-11-21 13:58:36
4.140701652567568,4.283659624623873,4,2023-11-21 13:58:36
3.8781713601894396,5.073473936172853,1,2023-11-21 13:58:47
3.107155135876755,5.227763937754056,2,2023-11-21 13:58:47
2.299035084694432,3.3680358208337426,3,2023-11-21 13:58:47
5.981111349295228,4.432879557201371,4,2023-11-21 13:58:47
4.176850260319096,1.9548517816127935,1,2023-11-21 13:58:57
11.269403483961595,1.5547381128935789,2,2023-11-21 13:58:57
3.9788579923661023,3.001825639115609,3,2023-11-21 13:58:57
3.3913921174990573,5.154751188428695,4,2023-11-21 13:58:57
2.478894139816833,1.9108267069643146,1,2023-11-21 13:59:07
2.8107768147298806,8.613682988062004,2,2023-11-21 13:59:08
4.052309282919079,2.977459915090334,3,2023-11-21 13:59:08
1.367946561734633,1.919759252191958,4,2023-11-21 13:59:08
3.583037311497567,3.251358363447584,1,2023-11-21 13:59:18
3.372981486780758,4.891018159844671,2,2023-11-21 13:59:18
1.0358750867608428,3.180377817391438,3,2023-11-21 13:59:18
4.151157533298737,4.331815043827947,4,2023-11-21 13:59:18
3.851168462191363,6.540856759830179,1,2023-11-21 13:59:28
4.811567974337772,4.616128827833524,2,2023-11-21 13:59:28
3.0021937634978384,8.6456958865189,3,2023-11-21 13:59:28
5.688964247744281,2.191026382947569,4,2023-11-21 13:59:28
3.2394308467807953,0.8161709308645198,1,2023-11-21 13:59:38
3.3272352818050677,4.707807616988708,2,2023-11-21 13:59:38
4.3637400436684946,2.200984370024463,3,2023-11-21 13:59:38
1.5529890911572917,2.747348915611618,4,2023-11-21 13:59:38
3.1582358167122138,3.211969546701782,1,2023-11-21 13:59:48
3.5589241604179835,4.049405627797536,2,2023-11-21 13:59:48
3.723037160003695,3.9313085823643625,3,2023-11-21 13:59:48
3.5999383184803135,0.21145744382958576,4,2023-11-21 13:59:48
4.546623284259068,3.5442774145800517,1,2023-11-21 13:59:58
2.5296940063918334,2.7950016003057607,2,2023-11-21 13:59:58
4.1156251639283665,3.924325488801855,3,2023-11-21 13:59:58
3.7500041439390666,6.050932340772252,4,2023-11-21 13:59:58
4.008770899220138,3.6904829946139053,1,2023-11-21 14:00:08
2.5180803499132134,2.5596044781747738,2,2023-11-21 14:00:08
3.588502305898563,0.5076339521326081,3,2023-11-21 14:00:08
3.520975266139942,2.330823880652792,4,2023-11-21 14:00:08
1.7409203829964435,4.968130803333462,1,2023-11-21 14:00:18
4.178005651322514,5.039426375413871,2,2023-11-21 14:00:19
3.09812011372171,6.0634615658286215,3,2023-11-21 14:00:19
3.266575367499472,2.4762911707133233,4,2023-11-21 14:00:19
5.035133908404746,3.0015616327995285,1,2023-11-21 14:00:29
2.8004601196824375,4.4951565856005855,2,2023-11-21 14:00:29
1.9791268193814122,3.1280448160264163,3,2023-11-21 14:00:29
1.9197191834223357,3.214235434674734,4,2023-11-21 14:00:29
4.162103359100883,2.8711158222279587,1,2023-11-21 14:00:39
3.0941482441611194,6.3453337507235545,2,2023-11-21 14:00:39
4.362667940424139,4.05173011521123,3,2023-11-21 14:00:39
3.1656969581728815,-0.46704816994877474,4,2023-11-21 14:00:39
3.3721635535866037,2.515079070283182,1,2023-11-21 14:00:49
2.450830387608832,2.131494839514522,2,2023-11-21 14:00:49
2.910593434494802,3.2856661435519,3,2023-11-21 14:00:49
4.5380567866306185,4.525490172552273,4,2023-11-21 14:00:49
1.9181577699406864,2.737567307105685,1,2023-11-21 14:00:59
2.4668728758340692,5.30377965937098,2,2023-11-21 14:00:59
4.266048564785557,1.774724068313975,3,2023-11-21 14:00:59
3.7093199022076306,3.3243081765593714,4,2023-11-21 14:00:59
2.7825868789789046,5.344099964000345,1,2023-11-21 14:01:10
4.728756956291575,3.463688504084089,2,2023-11-21 14:01:10
-3.419462738026393,4.019600016664023,3,2023-11-21 14:01:10
3.508992170684577,3.7418242192450433,4,2023-11-21 14:01:10
2.356976242057628,5.739534586302465,1,2023-11-21 14:01:20
3.1937617464743675,2.6942317033042475,2,2023-11-21 14:01:20
3.6132022465288736,3.8893083426439077,3,2023-11-21 14:01:20
2.9193909658661426,1.0765215904726197,4,2023-11-21 14:01:20
2.3981447926481847,4.502790172678384,1,2023-11-21 14:01:30
4.815751601414508,-0.09039852462074238,2,2023-11-21 14:01:30
2.7764152467728858,3.696695496391171,3,2023-11-21 14:01:30
3.21812654617408,-3.305047274548519,4,2023-11-21 14:01:30
2.999425726697069,1.6478348532053677,1,2023-11-21 14:01:40
3.9401658143488323,2.1252854852866596,2,2023-11-21 14:01:40
2.8025554612326085,2.659417819064715,3,2023-11-21 14:01:41
3.3635601623820692,3.71003160863122,4,2023-11-21 14:01:41
3.6528569864201366,4.58298148652814,1,2023-11-21 14:01:51
3.2705372061580857,2.2645046292485613,2,2023-11-21 14:01:51
2.7146202305744267,1.2119865734821755,3,2023-11-21 14:01:51
3.4776778790659173,3.378007319190522,4,2023-11-21 14:01:51
3.618786632067918,6.211925427235043,1,2023-11-21 14:02:01
2.0839879727732877,2.2794537143817575,2,2023-11-21 14:02:01
3.644614058127486,0.13330056347595276,3,2023-11-21 14:02:01
4.297924155901737,5.382143149032538,4,2023-11-21 14:02:01
0.6335446531482711,2.535098876701094,1,2023-11-21 14:02:11
0.9760870040486926,-1.2212041435815895,2,2023-11-21 14:02:11
1.4207982514332058,2.3167548541638254,3,2023-11-21 14:02:11
3.5327656497356954,3.996893761086176,4,2023-11-21 14:02:11
2.137429371814049,4.066450130754555,1,2023-11-21 14:02:21
5.069110983779802,3.9332943858051452,2,2023-11-21 14:02:21
4.377688040841843,4.66956987617449,3,2023-11-21 14:02:21
3.4119104470393853,2.802103933959814,4,2023-11-21 14:02:22
4.345683080897784,6.491176071570024,1,2023-11-21 14:02:32
3.5661134148366243,3.230121533121542,2,2023-11-21 14:02:32
6.378103911223393,4.664496592184037,3,2023-11-21 14:02:32
4.932689379139626,12.064878934411915,4,2023-11-21 14:02:32
3.0805983259517578,4.237847463226411,1,2023-11-21 14:02:42
3.1541176894338903,4.107185718945955,2,2023-11-21 14:02:42
2.2769983260988393,3.5373386398378455,3,2023-11-21 14:02:42
4.156374184707819,2.838047178905313,4,2023-11-21 14:02:42
2.7483450435873813,0.53529948961169,1,2023-11-21 14:02:52
4.285599420689258,4.2762404673417835,2,2023-11-21 14:02:52
4.569450975176223,2.278312643651639,3,2023-11-21 14:02:52
3.3697093106511242,3.36523576224661,4,2023-11-21 14:02:52
3.234122084645222,6.115917966468018,1,2023-11-21 14:03:03
3.777219322631567,5.101308783652111,2,2023-11-21 14:03:03
2.3125914531401905,3.603017894778031,3,2023-11-21 14:03:03
4.11825806468913,3.8804879617797448,4,2023-11-21 14:03:03
3.8824539316191533,2.0021427184452043,1,2023-11-21 14:03:13
1.6433621293779612,0.7377815204180815,2,2023-11-21 14:03:13
3.9842821242835043,3.733518120664441,3,2023-11-21 14:03:13
3.4566967028837143,3.334707334442342,4,2023-11-21 14:03:13
0.04419950004506745,1.151427565035338,1,2023-11-21 14:03:23
4.605252671782336,1.6104886885561678,2,2023-11-21 14:03:23
6.038066536675933,4.477071076602566,3,2023-11-21 14:03:23
4.011175494519357,3.9058644829702787,4,2023-11-21 14:03:23
4.290183166618295,2.3593235851758387,1,2023-11-21 14:03:33
5.758751916221973,4.83028884131212,2,2023-11-21 14:03:33
0.30471477912476796,0.5489394834631032,3,2023-11-21 14:03:33
2.4691984139197887,4.5390956767561725,4,2023-11-21 14:03:34
2.9167808361152443,3.559910561150588,1,2023-11-21 14:03:44
2.6978657834465953,3.0998165324561073,2,2023-11-21 14:03:44
3.8044737093173526,11.981645097391594,3,2023-11-21 14:03:44
2.8764604383755086,20.571592284968805,4,2023-11-21 14:03:44
4.648235458807099,2.553347159699564,1,2023-11-21 14:03:55
3.6658669594083078,1.7498482514315339,2,2023-11-21 14:03:55
2.154942665413383,5.263697116045746,3,2023-11-21 14:03:55
3.5209251787854328,3.99452940027555,4,2023-11-21 14:03:55
3.1659937442708435,3.301270704590043,1,2023-11-21 14:04:05
1.913097391285861,2.6769719975101314,2,2023-11-21 14:04:05
2.8296504867419148,10.022338725545653,3,2023-11-21 14:04:05
2.4890016842272367,1.8475749839615632,4,2023-11-21 14:04:05
5.451220115362309,2.3163568648524304,1,2023-11-21 14:04:15
5.03116099261246,3.2092260327968805,2,2023-11-21 14:04:15
3.1266139552134655,3.5887165582760434,3,2023-11-21 14:04:15
3.2364404731688583,-3.2786880566368604,4,2023-11-21 14:04:15
5.969617112756977,5.998484361712887,1,2023-11-21 14:04:26
2.9655537984035547,0.7868686682888817,2,2023-11-21 14:04:26
3.1885114496392237,3.3783387743690017,3,2023-11-21 14:04:26
3.9110262632139956,4.408687578469854,4,2023-11-21 14:04:26
3.1320515319691,14.107991679211485,1,2023-11-21 14:04:36
3.2641015865950376,1.6565296005926788,2,2023-11-21 14:04:36
4.401729607426662,3.4133282335457236,3,2023-11-21 14:04:36
4.582335867465132,4.954475864552937,4,2023-11-21 14:04:36
3.5766870570133054,2.523728130285858,1,2023-11-21 14:04:46
6.2824186701061295,4.292377695904565,2,2023-11-21 14:04:46
3.288558012749171,1.4531044952962344,3,2023-11-21 14:04:46
3.4623307968333545,3.0234726934816583,4,2023-11-21 14:04:46
2.506366958022587,3.296075502636699,1,2023-11-21 14:04:56
3.787648674171829,3.608706690536386,2,2023-11-21 14:04:56
2.8616729073007203,4.919893670312652,3,2023-11-21 14:04:56
2.697978267001938,4.225268372159928,4,2023-11-21 14:04:57
4.635324679366812,3.5030929427079545,1,2023-11-21 14:05:07
2.8333996836275697,2.115401056941276,2,2023-11-21 14:05:07
3.48535280060321,4.030751371229641,3,2023-11-21 14:05:07
2.308429978780951,2.2856711194195505,4,2023-11-21 14:05:07
2.6212876903569313,4.100482853664988,1,2023-11-21 14:05:17
5.659209213972867,-4.604657200527878,2,2023-11-21 14:05:17
1.9051977027106088,1.7924630874151128,3,2023-11-21 14:05:17
5.039178283500953,-0.2765459210455141,4,2023-11-21 14:05:17
3.198979590018652,5.642707871379352,1,2023-11-21 14:05:27
2.4664636138494433,2.112207232535142,2,2023-11-21 14:05:27
2.7988591326247687,1.3578084438618738,3,2023-11-21 14:05:27
3.851678618876724,3.8864978374806802,4,2023-11-21 14:05:27
2.3052480211717636,15.560948120973356,1,2023-11-21 14:05:37
3.6800840910910324,4.1967527661575215,2,2023-11-21 14:05:37
3.7507430632374485,1.1971770270875641,3,2023-11-21 14:05:37
3.6022006889255995,3.8922202377309505,4,2023-11-21 14:05:38
4.758347892793576,4.032836191258557,1,2023-11-21 14:05:48
3.586031004876443,6.036064389038902,2,2023-11-21 14:05:48
3.4661487857650064,4.117275120006479,3,2023-11-21 14:05:48
3.4851416784643723,4.959383462952171,4,2023-11-21 14:05:48
3.299187582092723,0.7614863336752626,1,2023-11-21 14:05:58
4.771301847186063,-1.7550201802189678,2,2023-11-21 14:05:58
5.56207417163052,-1.2059016551118544,3,2023-11-21 14:05:59
4.668582131589244,2.3995012558979347,4,2023-11-21 14:05:59
4.590701229206234,1.4881216225296208,1,2023-11-21 14:06:09
5.239075504886791,-2.5159267425327103,2,2023-11-21 14:06:09
1.7836368246606005,2.9320727038783807,3,2023-11-21 14:06:09
2.544074091841501,1.9950256799369661,4,2023-11-21 14:06:09
3.0397056349521874,2.1979322934885133,1,2023-11-21 14:06:20
4.104568567917931,5.004530705551488,2,2023-11-21 14:06:20
3.3618261169600614,11.058902319636985,3,2023-11-21 14:06:20
2.6174515444905957,3.571905391176753,4,2023-11-21 14:06:20
3.9100879558076564,5.574782297451307,1,2023-11-21 14:06:30
2.7472917252463986,3.674213100436317,2,2023-11-21 14:06:30
3.294674929310006,4.569309572960727,3,2023-11-21 14:06:30
3.6731658623127936,2.638769955673091,4,2023-11-21 14:06:30
3.1967788461301962,5.039907091269926,1,2023-11-21 14:06:40
3.4693012304271065,1.5716309493344802,2,2023-11-21 14:06:40
2.2096611318485273,1.2370485729485292,3,2023-11-21 14:06:40
3.754751100976968,1.427476682200595,4,2023-11-21 14:06:40
3.2765345381180793,1.0371230391278976,1,2023-11-21 14:06:50
3.5367710377192383,3.1593237335112785,2,2023-11-21 14:06:50
3.2201419138799374,3.956163739672804,3,2023-11-21 14:06:50
1.5934149720181117,3.7576947611971234,4,2023-11-21 14:06:50
4.432140729027509,4.37814239687529,1,2023-11-21 14:07:00
4.333055994218877,3.8308332299162635,2,2023-11-21 14:07:01
1.614433051821765,2.5761303836382075,3,2023-11-21 14:07:01
3.744698122381574,1.7085266355747495,4,2023-11-21 14:07:01
2.55310531000375,4.904021127672855,1,2023-11-21 14:07:11
2.908891856798848,3.74100437013194,2,2023-11-21 14:07:11
4.416119226479284,2.8756232072779278,3,2023-11-21 14:07:11
2.7073861932351835,0.5790394889082155,4,2023-11-21 14:07:11
5.152603339988423,4.462435643499076,1,2023-11-21 14:07:21
3.8048622120456637,1.535914335425893,2,2023-11-21 14:07:21
-4.0951385703478715,3.4840165910897065,3,2023-11-21 14:07:21
3.238371043375775,3.4625837132482222,4,2023-11-21 14:07:21
3.951383252566249,3.4940082184587617,1,2023-11-21 14:07:31
3.557003554905386,2.844136485482281,2,2023-11-21 14:07:31
3.0477298693554076,4.375170365250509,3,2023-11-21 14:07:31
3.1336937077806524,3.8958997198014016,4,2023-11-21 14:07:31
4.46891323465052,2.334219324555524,1,2023-11-21 14:07:42
3.6308912337651713,4.468342677543381,2,2023-11-21 14:07:42
2.4991067975613763,5.731716620674282,3,2023-11-21 14:07:42
2.872181111250456,3.8734732439190505,4,2023-11-21 14:07:42
3.8673516064648727,3.6223256944423916,1,2023-11-21 14:07:52
5.722243326908327,3.3646411134564493,2,2023-11-21 14:07:52
2.829869817459355,3.2864591450563596,3,2023-11-21 14:07:52
2.8936506215619873,2.174722391985627,4,2023-11-21 14:07:52
3.851731381627597,4.733507476065354,1,2023-11-21 14:08:02
3.412810491858611,3.8191825212354367,2,2023-11-21 14:08:02
3.5157721497552865,5.934282369899565,3,2023-11-21 14:08:02
3.258514561450211,2.4815307597896044,4,2023-11-21 14:08:02
4.518021598742644,4.729995884350748,1,2023-11-21 14:08:12
4.557441147442848,4.611311645982167,2,2023-11-21 14:08:12
5.932755250741776,4.717145916078919,3,2023-11-21 14:08:12
3.52503422096424,4.7673781193970415,4,2023-11-21 14:08:12
3.4051522102559724,2.5859749131721754,1,2023-11-21 14:08:22
2.026321001473836,1.4167184535537656,2,2023-11-21 14:08:22
8.624334197144316,9.934195289391152,3,2023-11-21 14:08:22
-0.7132587255551615,2.668473706753836,4,2023-11-21 14:08:23
3.432727583256485,1.1158159509770171,1,2023-11-21 14:08:33
4.885131511670471,5.81482011677352,2,2023-11-21 14:08:33
4.1200602756040645,4.3366121356786955,3,2023-11-21 14:08:33
4.412466925516196,1.3141210937519636,4,2023-11-21 14:08:33
2.077608968460436,3.9132956007252724,1,2023-11-21 14:08:43
6.525817064850852,3.0613674635736214,2,2023-11-21 14:08:43
4.635561723539039,2.908752790381243,3,2023-11-21 14:08:43
4.055560469595455,2.362116840867932,4,2023-11-21 14:08:43
2.790260167871999,2.53616658685875,1,2023-11-21 14:08:54
0.8780985200448983,7.867824671013291,2,2023-11-21 14:08:54
2.334557011887729,6.518654809085776,3,2023-11-21 14:08:54
1.8191198967707156,4.752034439384143,4,2023-11-21 14:08:54
1.4483775045466678,3.266293246589913,1,2023-11-21 14:09:04
3.3392271794265724,4.700578967594826,2,2023-11-21 14:09:04
3.8667410460470037,2.219972291721449,3,2023-11-21 14:09:04
4.616220738292022,2.5918800761247605,4,2023-11-21 14:09:04
3.4950277514750634,1.9446671749568032,1,2023-11-21 14:09:14
2.7872569721779206,19.470153247376178,2,2023-11-21 14:09:14
3.2586061142293614,3.2931838728943745,3,2023-11-21 14:09:14
2.795569120182143,2.9532589087875865,4,2023-11-21 14:09:14
5.466077333012887,4.924755244719247,1,2023-11-21 14:09:24
3.5947469933698386,3.340005716129927,2,2023-11-21 14:09:24
3.227518784554255,1.9825536189538047,3,2023-11-21 14:09:24
3.3311995060998743,2.342151804813498,4,2023-11-21 14:09:24
2.4726592832737424,6.277483067561618,1,2023-11-21 14:09:34
4.930073065720094,1.0200153909289527,2,2023-11-21 14:09:34
3.667971428699261,5.315229394565854,3,2023-11-21 14:09:34
2.527380587164467,8.227711909052106,4,2023-11-21 14:09:34
2.159725183554526,1.8410791747433544,1,2023-11-21 14:09:45
5.105594538891422,4.204854636954849,2,2023-11-21 14:09:45
2.995728481254422,1.3735943525193792,3,2023-11-21 14:09:45
1.7342414046404733,5.738062792341493,4,2023-11-21 14:09:45
3.2622168680102215,5.567072739167026,1,2023-11-21 14:09:55
3.569835682820633,-0.15422059189492154,2,2023-11-21 14:09:55
5.656362914873639,3.049174098506967,3,2023-11-21 14:09:55
4.0779858895166505,3.682404599236803,4,2023-11-21 14:09:55
3.7710237668891504,1.5119279718944432,1,2023-11-21 14:10:05
5.137617290881445,5.260464594206119,2,2023-11-21 14:10:05
3.0106404952909713,2.121597396514556,3,2023-11-21 14:10:05
3.1394388235497863,2.2081260391531874,4,2023-11-21 14:10:05
3.481826368563665,6.5499125721336,1,2023-11-21 14:10:15
4.3156423113644875,3.599072694185044,2,2023-11-21 14:10:15
2.049464239002209,2.0046003891493407,3,2023-11-21 14:10:15
4.238222861186881,3.3397310927398496,4,2023-11-21 14:10:15
5.262384684304773,2.2123518622806277,1,2023-11-21 14:10:25
3.094874914488041,4.1879265867091835,2,2023-11-21 14:10:25
4.29689231341732,3.1853752435230454,3,2023-11-21 14:10:25
2.4889827131820557,5.532908054083412,4,2023-11-21 14:10:25
12.15809388197898,5.7012316614897,1,2023-11-21 14:10:35
3.7378190515231005,1.716488585805491,2,2023-11-21 14:10:36
3.9312135338211958,5.478456186955867,3,2023-11-21 14:10:36
2.889875822169107,6.397352621323913,4,2023-11-21 14:10:36
3.417774624733639,5.896778500791692,1,2023-11-21 14:10:46
3.0023907876356595,3.2688746755334854,2,2023-11-21 14:10:46
3.621492841004615,4.061332860745736,3,2023-11-21 14:10:46
3.559863508339928,4.535381529366035,4,2023-11-21 14:10:46
2.0170935829888563,5.078581156865395,1,2023-11-21 14:10:56
2.385985097395668,3.681696299165527,2,2023-11-21 14:10:56
2.0867382084222843,2.946814973389249,3,2023-11-21 14:10:56
2.3588582675113536,5.741692934917793,4,2023-11-21 14:10:56
5.535360188533701,1.690117201346595,1,2023-11-21 14:11:06
3.2260320382466023,-6.22241502715295,2,2023-11-21 14:11:06
3.6154860489776497,2.2799566657113353,3,2023-11-21 14:11:06
6.455296113677884,2.951323807982438,4,2023-11-21 14:11:06
