Humedad relativa,Temperatura,Materia organica,pH,VPD,Area,Tiempo
0.3886771355609504,18.629973994889813,2.253028318601372,8.951038446614628,1.0669156876246293,1,2023-11-20 23:46:41
0.5372648457969832,29.74827762814596,1.8400411558434029,7.044834026118533,0.7427804913269739,2,2023-11-20 23:46:41
-0.08811179682993697,23.278013543320263,1.175278911114154,6.353635114176228,0.794092865747427,3,2023-11-20 23:46:41
0.45182002261492105,29.718388972411283,-3.4805164698243054,7.8590820752445,2.7852010388967914,4,2023-11-20 23:46:41
1.1398431758737133,10.700677722662082,3.062666324186825,5.23417271815293,0.814904879842369,1,2023-11-20 23:46:52
1.6162965337630606,27.5043138996062,0.965032251199769,14.788161865725538,0.6452735624688697,2,2023-11-20 23:46:52
1.075166150732285,26.30984745272932,0.4889195174665282,7.871230362681395,0.40253111101517375,3,2023-11-20 23:46:52
0.16377907966414534,30.273391414320017,0.7152003930814064,8.153165926172788,3.322413046462927,4,2023-11-20 23:46:52
0.27057428461172994,5.706246576988054,-1.977100609811455,8.22467790340996,0.7826160533300622,1,2023-11-20 23:52:31
1.4790507241940678,18.337298144998307,2.7960311191061376,5.209135270345435,0.9502065423561412,2,2023-11-20 23:52:31
0.21470492944659092,22.573728538991677,1.6241332483345763,6.021097794027347,1.1965669493198163,3,2023-11-20 23:52:31
0.482891523215196,12.149959451506103,1.5614308884440775,6.34971710117375,1.0249680297900596,4,2023-11-20 23:52:31
0.7192585182584093,25.10109651029886,1.5241172410565669,5.010345702755406,0.4601476894119441,1,2023-11-20 23:52:41
0.6385302746937421,33.49116505771998,1.5765223286515253,6.6841177402032415,1.1992821479763056,2,2023-11-20 23:52:41
0.24151178302089682,21.508212147526702,1.953274804958451,6.951704230054599,1.1155576651775478,3,2023-11-20 23:52:41
0.8294175143051048,11.492587400812372,2.2811303054664758,6.77207139574385,0.9818972507673891,4,2023-11-20 23:52:42
1.0398399798950384,23.821161011693547,1.523908841435194,8.030986391258557,1.1238146881375752,1,2023-11-20 23:54:49
0.7963844165211819,28.586985958444707,2.1356721108730943,7.949586128992874,0.3592515173144609,2,2023-11-20 23:54:49
0.3961634987946968,21.77597152291978,0.9068713519921412,6.928536098537784,1.0882792874267573,3,2023-11-20 23:54:49
0.5185112669857034,36.82946516114773,2.0414688052919536,8.789366585133276,1.0077550749239053,4,2023-11-20 23:54:49
0.561495999375069,27.045020672598007,1.6045087580865691,6.712080984790088,0.4526705956088552,1,2023-11-20 23:54:59
0.9859707866964992,26.164624817728345,1.4540692464433869,6.281499612746653,0.47069996034527045,2,2023-11-20 23:54:59
0.7308326307076306,24.974955504198693,1.5638012901022789,6.262824044464776,0.9798211309730983,3,2023-11-20 23:54:59
0.18376066592635187,15.65341947971774,1.534943050722517,8.440301345238584,0.6203211346192701,4,2023-11-20 23:54:59
-0.08182215926803227,24.51309030515524,1.3302468183232647,7.093537289715888,0.927557997684773,1,2023-11-20 23:55:09
0.34912654233341445,26.375415864780845,1.919853847686011,7.38518819417653,1.396665581657758,2,2023-11-20 23:55:09
0.7291644190857003,27.805013238209625,0.5761243546334038,5.1723036167898595,0.05149579801434068,3,2023-11-20 23:55:09
0.6499217675182232,25.276435467354467,2.3327194320383033,7.604482467730651,0.8295931227311313,4,2023-11-20 23:55:09
0.0932165166688903,27.537582150970188,1.7183973861962318,9.222026441752943,1.5184137733206065,1,2023-11-20 23:55:19
0.7463418231179406,25.73326010866815,1.3897076292573671,5.618424691641332,0.5867771281130603,2,2023-11-20 23:55:19
0.8848710898432603,30.45171466314995,1.3513191791220391,6.44954320110937,0.6374486215761352,3,2023-11-20 23:55:19
0.4636520829834564,25.11660590339261,1.496489836705784,8.075390719734921,0.6989714727479974,4,2023-11-20 23:55:19
0.7496405433752815,21.72685967251081,2.6661833269019675,7.958557011201522,0.30694376521214284,1,2023-11-20 23:55:29
1.749514837528193,27.025832375538783,2.6305305928736087,6.78304877672019,0.4820705742172778,2,2023-11-20 23:55:29
0.4869458786538763,23.03456950429819,2.2899488952056637,6.416452920060199,0.339086415093959,3,2023-11-20 23:55:29
1.1419487259819665,39.59107912638099,2.163307849589369,7.145386917520989,0.7885538544720063,4,2023-11-20 23:55:29
0.3021224824798599,21.622613055372412,0.8836315854241751,7.694420065656518,0.6495228592944573,1,2023-11-20 23:57:48
0.6983549381527011,22.041903111946834,1.0837606465631997,6.9939027219308665,1.1595995496968723,2,2023-11-20 23:57:48
-0.08655011175076133,19.245423238945882,1.1995839558225718,6.261073238491414,1.1442465831806428,3,2023-11-20 23:57:48
0.45514089502471833,20.142876315568593,1.5666387277861171,8.420510026279347,1.4876719963695328,4,2023-11-20 23:57:48
0.5407982093390828,24.462847836379776,1.9678943675350893,7.53825397291195,0.8585227569314559,1,2023-11-20 23:57:58
0.45372353466602044,22.73624102822458,2.4350622084665923,5.458518444251207,0.9774669775793999,2,2023-11-20 23:57:58
0.7659783114198484,28.382643022967056,1.8642470222690959,5.817146146013943,0.09669153286497423,3,2023-11-20 23:57:58
0.9198024524679502,34.30662098762022,1.8168127244969843,7.573198625039051,0.8613148433733125,4,2023-11-20 23:57:58
0.7200971760365258,25.958345415110898,4.674291630724551,6.569694336949454,1.1453771154883823,1,2023-11-20 23:58:08
0.6235543986081018,27.703127280023512,2.7294751707205025,6.227301758165521,1.389556591125623,2,2023-11-20 23:58:08
0.2552896204357648,30.554698392007392,2.5724245246356725,8.70563942382384,1.104529903049782,3,2023-11-20 23:58:08
0.12617822219207475,24.401438247200304,1.4664344339203617,7.378448395371926,1.3973663666931935,4,2023-11-20 23:58:08
1.2480064383923222,20.408346075359137,1.7282005976095012,9.789421750931062,1.0538155317729496,1,2023-11-20 23:58:18
0.7132456520370014,18.02560857184675,2.006013301412782,5.267864270745371,0.9840682704569265,2,2023-11-20 23:58:18
1.243175550318127,20.450719023808727,0.7240585814642674,7.974844450084505,0.7488277161701368,3,2023-11-20 23:58:18
0.23944333585037636,27.216272195100526,2.1524325729157456,5.792043641334629,0.21424656699279587,4,2023-11-20 23:58:18
0.4617100910810681,33.226394248363704,1.4406104125618011,6.198220627469989,1.0562142217354238,1,2023-11-20 23:58:29
0.07124453506032724,23.113357608162804,1.6743565646604244,8.522379935670624,0.8532016252500416,2,2023-11-20 23:58:29
0.6675624888586621,20.217571987820328,1.7541810342431938,6.603604677667143,0.2858917349850869,3,2023-11-20 23:58:29
0.5582539504176712,26.04928845027047,2.0135710260231456,8.03644357614315,1.0350349005165176,4,2023-11-20 23:58:29
1.0004910314818574,32.573175405310984,1.2842821030684957,5.293552669865143,0.9452432667208714,1,2023-11-20 23:58:39
0.37003309930181927,25.716807151993795,2.010339561800667,6.7105969388890525,1.1644047444624983,2,2023-11-20 23:58:39
0.9408986348072407,25.054551155341194,0.8613402206571077,8.056439720500235,0.8649080872378574,3,2023-11-20 23:58:39
0.5354071408957792,29.262578409644465,2.169295109024848,10.20399055979308,0.7079123184574496,4,2023-11-20 23:58:39
-1.7109707420450118,35.18326943324531,2.223977360585055,5.945091188576262,0.5872620848672102,1,2023-11-20 23:59:56
0.8393749561788836,33.74445818278857,2.2722794125217414,7.055238529402678,1.1953991974719143,2,2023-11-20 23:59:56
0.19462878784607907,26.295818555993677,2.508305138944689,8.76766541194915,0.5935403738853304,3,2023-11-20 23:59:56
0.5292569490207821,65.88758595534185,1.0926747183016836,8.355724795255039,1.0570500955302453,4,2023-11-20 23:59:56
0.549867544344752,25.232486739083352,1.3717743388741175,7.8146575464207215,1.2628171878684054,1,2023-11-21 00:00:06
1.00671926409111,21.33285950942101,2.281760561152195,8.243635558573994,0.6942372802785058,2,2023-11-21 00:00:06
0.5252226551525336,27.44379521624102,3.036711168956903,6.781852904038721,-0.7621716208792337,3,2023-11-21 00:00:06
0.528480773728385,24.577869700769302,2.2153880544310844,7.376244850060264,1.294138657584128,4,2023-11-21 00:00:06
0.53480791764324,22.300592148844455,-2.0553897038233115,8.723470848900135,0.956078815417192,1,2023-11-21 00:00:16
0.19442790686208722,14.356643420726412,1.5329182256828058,8.36386609602847,0.3262348906887861,2,2023-11-21 00:00:17
-0.03445517778742435,25.01063471066703,0.9338386713643059,4.449164998019366,-0.0037456656247261133,3,2023-11-21 00:00:17
-0.06390291156223626,31.853252489356507,1.7052043596098467,5.840253735487046,1.3305603694973267,4,2023-11-21 00:00:17
1.3857638178899476,30.63055181324568,1.1045125085728613,6.448080385319158,0.29470528369540094,1,2023-11-21 00:00:27
0.631557767426804,30.305808797417342,1.823579237171785,7.34450073874363,0.6546000514683985,2,2023-11-21 00:00:27
0.4798811215153115,28.68153634512913,1.5769286031478515,6.634265034322914,0.11044309875712444,3,2023-11-21 00:00:27
0.381231264649391,25.142977692649858,1.389831273682309,7.279962044564321,0.9602317601990621,4,2023-11-21 00:00:27
0.5285216809596842,10.26319704527655,1.164767652545966,6.550709843405789,1.0272486683422861,1,2023-11-21 00:00:37
1.1160662506652013,31.15176213320454,1.786315198593311,6.858664142016219,0.8694402731532146,2,2023-11-21 00:00:37
0.4323777996197812,26.820016820802568,1.701066099305733,6.157516233430093,-0.03066182114215721,3,2023-11-21 00:00:37
0.3369656988544972,19.94090104633907,1.2990332890165148,3.763794862918416,0.575088351365378,4,2023-11-21 00:00:37
0.4457641835755054,24.05692819961015,0.8159099024312023,6.578387691099689,0.738033720514769,1,2023-11-21 00:00:47
0.9598608315904562,28.132799719192285,1.659156937786456,7.374613575657572,0.9205654588307375,2,2023-11-21 00:00:47
0.2973308825315607,23.92219292698468,2.258052663502196,6.496085521546415,0.9424547486607772,3,2023-11-21 00:00:47
0.8502491145119095,19.358992859924314,1.243490360285521,7.602315135605956,0.8107108411514578,4,2023-11-21 00:00:47
-0.24744317343942568,8.393537408124061,1.1200519276863625,7.932123904628796,0.9200042305721766,1,2023-11-21 00:00:57
0.3006700762873671,25.99817383049737,2.8673727292669517,6.91332905289737,0.6542243697314387,2,2023-11-21 00:00:57
1.0926217985727418,19.09059957715446,1.9557353687365304,7.99011510449802,0.9142679356143695,3,2023-11-21 00:00:57
0.23746514164244387,24.23910678610888,1.478635534056203,4.8462825299843075,0.20711404770525832,4,2023-11-21 00:00:57
0.6094534006196871,21.0487045637428,2.637782667913262,6.80791211981011,0.8830582881658343,1,2023-11-21 00:02:03
0.7630479022712587,25.80020010279386,2.5282787220495164,5.7789444052163965,1.12495615495536,2,2023-11-21 00:02:03
-0.2676446337160764,24.143929716667678,2.4080575527391277,5.78976086462341,1.1403456731446295,3,2023-11-21 00:02:03
-0.1025941612583422,19.27198776699739,3.2837899172497043,6.76650239764516,1.2782035932121179,4,2023-11-21 00:02:03
0.4150834010944066,22.682402754591006,1.5400034073268354,5.9522493287181675,0.5441557090164036,1,2023-11-21 00:02:13
0.6549136002246959,23.19649524640574,0.8521382860463725,7.090802087377368,1.3292612555764127,2,2023-11-21 00:02:13
0.6475981045843757,19.088040879788757,2.951830981205858,6.508482024250456,0.8488820502207022,3,2023-11-21 00:02:13
0.42673394557672273,30.924494444300233,1.7557784697967502,7.175322852602746,1.0300606945997808,4,2023-11-21 00:02:13
0.49521523078658825,24.247278566108925,3.464027283244803,6.275244722042826,0.9584961427474392,1,2023-11-21 00:02:23
0.40762378225821305,20.766187714559887,2.15515054483314,7.02272179621636,0.8737135774959824,2,2023-11-21 00:02:23
0.985610728485371,30.43507757813219,1.9466461667235289,6.26462997202376,0.7821267054810908,3,2023-11-21 00:02:23
0.9497604591244699,21.062611738420806,2.387715551595176,6.899690933391395,0.5555475879355349,4,2023-11-21 00:02:23
0.7818294495427208,30.049280095586436,1.9647225173165435,8.378232938371927,0.9313869252681279,1,2023-11-21 00:02:49
0.4608550470813362,27.076727969102393,1.8042167448723299,8.34571068245047,0.8610517040549265,2,2023-11-21 00:02:49
0.5493194308825513,31.48583799454345,1.4918677870814467,4.908325149723007,0.6872802250587333,3,2023-11-21 00:02:49
1.2583286029273353,19.22573553609247,2.549316682646875,7.458194562619374,0.9464318506425584,4,2023-11-21 00:02:49
0.45597177425927826,15.694544249586842,2.2020557725106893,6.547044066285206,1.0437064812177645,1,2023-11-21 00:02:59
0.5642792695751917,28.094948036331747,1.6882331379057602,7.162155524318291,0.8213516422198813,2,2023-11-21 00:02:59
0.8615053485777395,42.788521213601925,1.2340103015094441,6.9788455334528265,0.926331175275529,3,2023-11-21 00:02:59
0.30571351443263545,28.69279244473457,2.023552821689977,7.176334921030819,1.003522696443471,4,2023-11-21 00:02:59
0.677004543000558,28.528329752850016,1.3425695979294188,6.148076930304583,0.3721213272825756,1,2023-11-21 00:03:09
-0.42792704999666753,3.51863886519471,1.2644990132087779,6.713931316195366,0.6160575817433668,2,2023-11-21 00:03:09
0.8709161859181201,26.221624438645573,1.635927838552985,7.043262389963957,0.303920439609147,3,2023-11-21 00:03:09
0.5538480466640631,31.263172835948616,2.5932430422976207,7.203784317866519,1.155841320507214,4,2023-11-21 00:03:10
0.47915857604285583,24.77121800010793,2.3923779365748055,8.144247977588584,0.7297868999615605,1,2023-11-21 00:03:20
0.4633954853968412,19.01471903392816,1.987815748968905,5.514877344288993,0.7576235586869469,2,2023-11-21 00:03:20
1.0336352121735022,20.331147690505112,2.765878416528923,6.730185513281786,0.8313602711367033,3,2023-11-21 00:03:20
0.5452931907495433,31.616563740639503,0.5325371891453516,6.826771052046808,0.8543015726960604,4,2023-11-21 00:03:20
-0.630919503170151,30.074668710338237,1.2778652683634575,8.071702103001037,1.0131096830822552,1,2023-11-21 00:06:03
0.19850966444149304,27.238015730063175,1.2697174700173768,7.533406858689355,-1.5160043562878192,2,2023-11-21 00:06:03
-0.1518081668314477,30.455720945357495,1.7965139072815506,7.533001940448972,0.06946940491779274,3,2023-11-21 00:06:03
0.6309440067559997,26.534758359213114,1.4086294316287935,5.1937094577273015,1.1537199597713927,4,2023-11-21 00:06:03
0.898493715238043,33.55235841535224,7.632745507234518,6.519092319414666,0.8818278822988446,1,2023-11-21 00:06:13
3.5993165825542834,53.13248509215668,2.167679161302174,8.760372242392577,1.2386074479550597,2,2023-11-21 00:06:13
0.33389730968272635,30.798988513394292,1.367368762034559,7.26393493393822,0.7961771533220954,3,2023-11-21 00:06:14
0.6045880402181376,24.22868405507917,1.3561272626904652,8.542369101994588,1.048621568769749,4,2023-11-21 00:06:14
0.631341736881003,41.97972243719765,2.7283509695370447,8.14987142013988,0.6667823575786308,1,2023-11-21 00:06:24
-0.19866737026949743,19.34953104413705,1.9410674369404652,9.200831203108374,0.793472784675289,2,2023-11-21 00:06:24
0.3554377007993035,32.51850563263458,1.6985862411345096,6.859311772713931,1.002410853557738,3,2023-11-21 00:06:24
0.6394136112580029,-28.063540703242936,1.1241924361235145,7.963395301029804,1.0661830833910906,4,2023-11-21 00:06:24
0.4292775059239451,22.018839352269335,2.7695646099851245,6.940863267874426,0.9751662792747406,1,2023-11-21 00:13:02
0.7748931139390155,22.676735366266403,1.2491844850654164,4.811401500730099,1.3018205985376086,2,2023-11-21 00:13:02
0.9334950045743686,24.600336904309724,1.601727695757079,8.588461700409704,0.6857118711056719,3,2023-11-21 00:13:02
0.8252032070199669,28.135402163926223,1.8852922866732258,7.591277473421005,0.03377975556464452,4,2023-11-21 00:13:02
-0.03278060695221907,19.19739850490095,0.7065792358702245,9.110120923004233,0.7129128801900771,1,2023-11-21 00:13:12
1.0117036234055559,25.82966027507965,2.5059105629402176,5.877269676873923,1.0113580675152418,2,2023-11-21 00:13:12
0.9631486701435577,32.89136315336853,1.229017489806734,8.451319522723045,0.92954776177864,3,2023-11-21 00:13:12
0.46722022455876866,22.307565174431957,2.5501339845632884,6.903652427085757,0.8382521910892399,4,2023-11-21 00:13:12
0.8797631807683759,0.0741335368984366,1.534566147079478,8.096685390523145,0.4519969786617187,1,2023-11-21 00:13:22
0.617662580606897,35.34008498350827,2.5120976212165367,6.84142156818816,0.8239644804919848,2,2023-11-21 00:13:22
1.397365458610495,28.645774023660508,2.4321834431529665,6.296947680282067,0.7327344654969158,3,2023-11-21 00:13:22
0.9441416490486731,15.710514575996001,1.1877415047743205,10.38189911452271,0.40611591735236097,4,2023-11-21 00:13:22
1.2358084200762576,22.898536171765375,0.9188509548329057,3.197357561162616,0.451469106817247,1,2023-11-21 00:13:32
1.1798538203842313,30.212984749483194,1.6149707810094782,11.566489237589433,0.7711600419143423,2,2023-11-21 00:13:33
0.5904957746600483,6.252783273685701,1.4281065063281644,6.670525865655248,0.5879654547336728,3,2023-11-21 00:13:33
0.8842998969085016,35.40461415285826,2.327539433970253,7.549744756141349,1.2481816132053924,4,2023-11-21 00:13:33
0.25230135966454387,22.496467926922506,2.576454378867592,5.854379893005042,0.8008784114507599,1,2023-11-21 00:13:51
-0.20597972245903695,16.941916211530664,1.7832316809646995,6.816726908515686,1.2079047995341365,2,2023-11-21 00:13:51
1.0420313686791995,34.721548206928475,2.4399850220463852,8.409031784810272,1.3369929207201166,3,2023-11-21 00:13:51
1.0166766232410986,26.231046229779754,2.245757500118204,8.409321199776448,0.7188964388332424,4,2023-11-21 00:13:51
0.8755344343785589,-26.410853874968637,2.2452708187551798,5.132563920516851,0.8822753786336923,1,2023-11-21 00:14:01
0.6960386217547152,30.99004028234409,2.2539095002734024,10.311394942363226,0.5627064151303607,2,2023-11-21 00:14:01
1.0321924315015127,15.362209444103978,1.4927490875954776,7.053964199067544,1.0388487300518594,3,2023-11-21 00:14:01
0.7127146242227449,25.261785384693695,2.065079509326992,8.18697563766058,0.7396720482142422,4,2023-11-21 00:14:01
0.7596094168581063,50.733343479569015,1.4639730284335792,5.666970416559956,1.5878764548692406,1,2023-11-21 00:14:11
0.7943687206690967,24.807239046597406,2.5741575992209293,4.743985296436703,0.7499994612042038,2,2023-11-21 00:14:11
0.310731849391497,20.509272012082114,1.1335514118128458,5.901629471354674,0.5347385471394291,3,2023-11-21 00:14:11
0.6090430037751371,28.22326056292373,2.2005947707085998,7.124728382848548,0.20250956827667344,4,2023-11-21 00:14:11
0.5700103632058745,27.321971265657293,1.316450646486272,6.525141211095252,0.6473552464110611,1,2023-11-21 00:14:21
0.4135664743397624,20.119935277810054,1.273709599709273,6.289813843758415,0.8705331412772377,2,2023-11-21 00:14:21
1.9046647930444038,28.201094859968325,1.7417703609406514,7.9238134358697865,1.2019126724573548,3,2023-11-21 00:14:21
0.9741173872662329,20.88591515869553,3.313382011450285,6.3606758908785155,0.7403168261501822,4,2023-11-21 00:14:21
-0.043722958553715996,18.840619738732332,2.7393747705822777,3.8473934109786017,0.6025725514978748,1,2023-11-21 00:14:32
0.6110184105608725,17.253124765130124,1.040119123834018,5.273274532007061,0.9666241755033627,2,2023-11-21 00:14:32
1.0248702529274378,27.70396469176407,3.566425994696438,6.087218455990308,1.127705650190225,3,2023-11-21 00:14:32
0.8528105363626883,18.793632414242623,1.1196463203435076,7.966551251819215,0.43478310454836955,4,2023-11-21 00:14:32
0.8308352156668581,23.028821377329578,1.6966720508789686,6.855614993078548,0.5823364117867564,1,2023-11-21 00:14:42
0.5323792060739074,20.49633204620849,1.018490445850554,7.422158420827152,0.9858791959236106,2,2023-11-21 00:14:42
0.6995906272654805,16.70094581882776,2.404165518788085,7.564977840805385,0.6542943995907,3,2023-11-21 00:14:42
0.09398262787451839,25.093479739106105,2.3714156106426785,7.370387296445007,0.8036249530100238,4,2023-11-21 00:14:42
1.1169370184899006,25.098317007669092,2.5462677421138302,7.042736923328605,1.2739943740634094,1,2023-11-21 00:14:52
0.7363513556743964,15.758032442015937,2.453533793495115,8.193917937449992,0.9193410918894018,2,2023-11-21 00:14:52
0.7459306678562786,20.481871325862237,1.562022985949479,7.46301759761316,0.9729998351668117,3,2023-11-21 00:14:52
0.1715308566937495,22.131713032932556,1.3015789332840446,7.313998070568868,0.32440267792128835,4,2023-11-21 00:14:52
0.7042672409528408,22.59600573326234,1.3188106475938575,9.071310588643126,-0.8093006155527005,1,2023-11-21 00:15:02
0.7345763790187236,16.317247501986657,1.8814408368269153,6.020044914771255,-0.7694108123178336,2,2023-11-21 00:15:02
0.24446015956924133,19.25475141995129,1.8883106905781841,11.1312409349099,3.8456317296666684,3,2023-11-21 00:15:02
-2.693019508172084,34.56021502091556,0.8430396120517395,8.031129947980546,0.3342688795506507,4,2023-11-21 00:15:02
0.1957918830201701,26.91726643245942,2.8643964676027553,6.023390125484165,0.20233076917174886,1,2023-11-21 00:15:12
0.4695484590920508,28.225005653985082,1.4263716902798773,8.021149501311825,0.9459077760113028,2,2023-11-21 00:15:12
0.563947981413902,22.39978790368021,0.9710151121439149,7.32333070771038,0.9103667130935971,3,2023-11-21 00:15:12
0.20013074378771561,34.675134201840905,0.5366247721730155,6.936789638227632,0.11778055249701602,4,2023-11-21 00:15:13
0.02466194083015738,27.838260395616764,2.0304904046864327,8.121287418810518,1.0331175222223676,1,2023-11-21 00:15:23
0.8665752555244408,29.317960931386818,0.8451051244442994,9.079063090383613,1.1580487775728552,2,2023-11-21 00:15:23
0.5893612104554662,19.77159783661629,1.67875964763308,8.433013112265403,0.30163623746990964,3,2023-11-21 00:15:23
0.6378957583166436,26.056229420281106,1.545616529134726,5.94035556697823,0.25818416230457375,4,2023-11-21 00:15:23
0.8667326882528861,37.88886831778113,2.212464003823433,7.195885455678692,0.5644720804404896,1,2023-11-21 00:15:33
0.7475582696105438,51.46328946323864,1.9012238587013346,5.572783612487025,0.5805880294818271,2,2023-11-21 00:15:33
0.16557638973958377,33.02275082549351,1.4848769884092787,6.2667364905228995,0.4638571651432676,3,2023-11-21 00:15:33
0.20653217459765022,26.203383713471357,1.356911223349329,6.615967045290403,0.9937740372078525,4,2023-11-21 00:15:33
-2.1058165777907942,21.653226041662343,1.281946394156535,7.105484456584142,0.47806335559551627,1,2023-11-21 00:15:43
0.38712788052771085,18.962813148842816,1.6644617928730407,6.376007031271087,0.5551987164106583,2,2023-11-21 00:15:43
0.9339570591877134,24.851078129400612,3.7246597010110056,5.851761413028369,0.48617387608734614,3,2023-11-21 00:15:43
0.4688026874472183,27.938250261894343,5.725816071670711,7.1080093545943,0.30691492913238205,4,2023-11-21 00:15:43
0.4018133584525257,18.634874144492688,0.6464700047160774,6.726263316854309,1.5159767810174658,1,2023-11-21 00:15:53
0.41736839718823643,29.809308110398657,1.5178022404113198,7.069027447074974,1.158975729015212,2,2023-11-21 00:15:53
1.2216892522589244,28.70244907818258,1.2807326881663714,6.550369951317008,1.0826239477368493,3,2023-11-21 00:15:53
1.1813074844808953,24.20634473852073,1.957120272140418,6.469066719580535,1.4517520990334107,4,2023-11-21 00:15:53
0.26877874948257224,13.379994080336191,1.4900692785807605,5.981323942341874,0.997055478047426,1,2023-11-21 00:16:03
0.5697391419626974,20.678378546362893,4.22408988144958,8.483829239165727,0.42576374708150055,2,2023-11-21 00:16:03
0.5266347599898585,18.123103143924602,1.4888821113458488,7.174995645622441,0.4689708578583292,3,2023-11-21 00:16:03
0.6829709133518453,21.95953942284531,2.64110339425315,5.684440743077433,0.9971144075203281,4,2023-11-21 00:16:03
0.03558245955190387,29.143721002267803,2.1036226913687166,7.6068907166063235,1.6520811384264626,1,2023-11-21 00:16:14
0.5676764517473826,26.286385097455977,2.1576822760226606,7.743490443730343,1.3075983570686929,2,2023-11-21 00:16:14
0.9494187894532418,29.70148334929745,3.521233734849928,5.493094221234714,0.7467785509597861,3,2023-11-21 00:16:14
0.9463752382622618,24.51060669268317,0.6701137571726683,5.474240006034123,-0.07536980775094881,4,2023-11-21 00:16:14
0.2676272424915386,20.14004094811457,0.2388690427901694,6.169484750704312,0.5072450773050474,1,2023-11-21 00:16:24
1.2216802248330454,29.138184368692134,1.0503769357876824,5.650132951886288,0.6239861200556488,2,2023-11-21 00:16:24
1.0846471205423553,33.0179008429587,2.0250091598072535,7.5421857902176805,0.2551281655309676,3,2023-11-21 00:16:24
0.0606971343850079,30.325156781940315,0.9795073634594759,6.3016232754440145,1.3146905936794413,4,2023-11-21 00:16:24
0.3818861036143759,26.98665393505879,1.3043385765757962,6.283831675399547,0.763301961898412,1,2023-11-21 00:16:34
0.49550357766430864,18.74525425605282,1.6779905560412527,6.643005119288463,1.1278716545803984,2,2023-11-21 00:16:34
1.246525982532149,18.48748788893929,1.603415332158409,7.04448830084296,0.5900293302282327,3,2023-11-21 00:16:34
0.4684023723007301,26.36279612232117,1.6943318650733883,13.932747158715861,0.987089600703399,4,2023-11-21 00:16:34
0.37747166619834993,18.428518518623676,0.5463436785995626,7.120017512706434,0.7591907392499802,1,2023-11-21 00:16:44
0.8837022857059009,22.845794121085213,1.6088235320343922,8.447770396564731,0.4489540536457677,2,2023-11-21 00:16:44
0.42012782614386535,31.8036612466679,-0.10918805419207245,6.084839908816442,1.2649370129836823,3,2023-11-21 00:16:44
4.550607071470419,19.547374594684833,1.7822568696333025,7.554803413753672,0.784068220476926,4,2023-11-21 00:16:44
-0.13766306609097034,23.45645739446541,-0.22171741487012975,6.421088271778559,0.16590190287376216,1,2023-11-21 00:16:54
1.0956804883198277,29.060307702841243,0.9125048663372318,6.082536761320172,0.5110692203796772,2,2023-11-21 00:16:54
0.407869424464295,22.25655265595193,1.311004800925886,5.921999023565146,-0.5882611157201092,3,2023-11-21 00:16:54
0.4087865716323696,-6.845197654214697,2.239906538472811,6.932363012451235,1.3960532018822454,4,2023-11-21 00:16:55
-0.08808883513565136,20.907208178653086,1.7608110121817362,6.79403358372922,1.365590068242172,1,2023-11-21 00:17:05
-1.6840490117945435,26.413010939902854,1.4652041983445776,6.721660236824955,0.7012577756522572,2,2023-11-21 00:17:05
0.3639830748359282,19.41024091608164,2.659662398657916,6.743595050361294,0.5445464059215464,3,2023-11-21 00:17:05
0.6296883057110202,24.87498224754149,0.9760597936937756,5.245659907356293,0.7243448688901395,4,2023-11-21 00:17:05
0.018058564883312145,34.52281405055417,1.223273057128512,7.451299044956972,0.8242277226242075,1,2023-11-21 00:17:15
0.8122005490265154,19.99108369210096,2.326888085121726,7.838082373743117,0.6854127449108716,2,2023-11-21 00:17:15
0.51288214496706,17.786469434910124,4.458875206187977,7.6034705045777295,0.38607812869667973,3,2023-11-21 00:17:15
2.157499698644006,25.34657943236555,0.5509877042769864,7.278815507332734,0.8018081558095386,4,2023-11-21 00:17:15
1.305423076247612,53.82487099004656,2.4073106545369884,8.24974829210812,-0.02242888216683736,1,2023-11-21 00:17:25
0.6083152684456958,29.71435885365794,2.0071419111715008,6.315020968075673,0.03540474552692996,2,2023-11-21 00:17:25
0.6559049507460626,25.407670115884017,3.039597398111816,7.569702790391713,0.8082042736639666,3,2023-11-21 00:17:25
-0.4731144588466617,23.239076711733926,2.861800912356582,6.092938180791956,1.015997439716361,4,2023-11-21 00:17:25
1.2738324946565536,14.001996153941453,-0.1079905858958965,8.254204371963207,0.856388731710934,1,2023-11-21 00:17:35
0.2302320718418328,39.65179696299158,1.771050327003298,7.253312994482145,0.5743245914757104,2,2023-11-21 00:17:35
0.3512413782964408,32.08171142776688,2.52612565576918,6.282043332570721,1.2944848247693277,3,2023-11-21 00:17:35
0.24668596563630635,32.78431620694186,-0.17201876252122705,5.626269823991297,1.997456293932655,4,2023-11-21 00:17:35
1.1175116476396219,-21.155514640998923,2.3737330214167276,5.22808142562917,0.21187366374924954,1,2023-11-21 00:17:45
0.7407521470626053,-29.39877422258536,2.7327977046931284,6.197166893656728,2.20550039724608,2,2023-11-21 00:17:45
0.9232657624977546,34.241984664995194,1.362736052114264,7.618817249028736,0.22590489338784414,3,2023-11-21 00:17:45
1.217610807031357,23.615515536288125,1.1006343590157002,6.982730944051425,0.16373228989086408,4,2023-11-21 00:17:45
0.7171591334992592,24.322198514193428,1.0555188786891616,7.821795761820797,0.9907175497509513,1,2023-11-21 00:17:55
0.02085053696478445,18.77101726371125,2.589510916540931,7.6958200522728575,0.1334549178703388,2,2023-11-21 00:17:55
0.9828067790562525,26.333428514837795,0.5541416306868321,6.827639594617445,0.81838705383055,3,2023-11-21 00:17:55
0.11890694978240968,27.903706543647214,1.3351409183161362,6.5342601415961985,0.6895357606566723,4,2023-11-21 00:17:55
1.141139832656731,25.59198996503708,1.469385175526834,7.843957838982279,-0.4061272214422753,1,2023-11-21 00:18:05
-0.4169003195000217,20.62253925484164,1.4813482723260047,6.413534035198598,0.6997593808881846,2,2023-11-21 00:18:06
0.6480576559704636,29.341573716228012,1.7766998261468436,7.836642595424278,0.7719384360446491,3,2023-11-21 00:18:06
1.110702195169005,18.369567087972996,0.801040714341136,12.593209231323623,1.1457851769722114,4,2023-11-21 00:18:06
1.1564922352980371,-43.26385763150421,1.5707711156407673,5.2363470131693015,0.4775607967547431,1,2023-11-21 00:18:16
1.3253006946505619,20.60319888264376,1.8184111376885121,7.632966258260716,0.7196934643567893,2,2023-11-21 00:18:16
0.821948952003637,28.181199095176726,3.5124289283379015,6.895657679937932,1.2281432743188516,3,2023-11-21 00:18:16
0.947123626985,25.716818222971966,2.0029197710758093,4.4241432172965895,0.8024240992204679,4,2023-11-21 00:18:16
0.2722537869397168,24.557874179659414,1.4792285666422569,6.155552285071793,2.279509880845409,1,2023-11-21 00:18:26
1.207123014428844,28.554131281417312,3.3569006339641057,8.687700112558188,0.5640994094943729,2,2023-11-21 00:18:26
0.6212003723676147,18.57608767072928,0.9069964572054801,8.691078619233693,0.6238417907889903,3,2023-11-21 00:18:26
1.2508150841500407,27.174717048698625,1.79241831899096,5.6442375021602444,0.7939405357843758,4,2023-11-21 00:18:26
0.5812085539637442,19.34680953052404,1.607967921279863,5.321064217967647,1.0336282959034198,1,2023-11-21 00:18:36
0.5289539107636473,27.118051577473707,-0.912873659207529,6.500941893617911,0.9216898304969239,2,2023-11-21 00:18:36
2.777035200850372,25.44428249948506,1.9591765085721184,6.559910882972015,-2.1193123847640294,3,2023-11-21 00:18:36
0.10235232010176631,27.36653449918417,2.1636216520355,4.4777023906873055,-0.12225539391164775,4,2023-11-21 00:18:37
2.5053387267874268,33.09925742627319,0.6582537619134861,8.116045030120457,1.4407923861062146,1,2023-11-21 00:18:47
-0.5627685289015981,25.263288459528745,-2.924998710155154,5.934918435170949,0.8151393396927049,2,2023-11-21 00:18:47
0.29981113607707066,29.571140876328187,1.5759988105705567,5.585087351023115,1.5069664182861162,3,2023-11-21 00:18:47
0.13881950276166444,27.39273745344849,2.4814299173514778,8.672200843100608,0.4036884629548172,4,2023-11-21 00:18:47
0.9798795595124012,29.756407971711706,1.9311520682996224,7.250848516649448,1.3732152296554316,1,2023-11-21 00:18:57
1.0801023175540498,18.184435414096825,0.5020943904535482,7.627420597491087,0.8454226607746368,2,2023-11-21 00:18:57
0.7122433496299468,25.781012948227506,5.671791445290046,6.697597626839849,1.2441057315404052,3,2023-11-21 00:18:57
-0.05871654034957974,24.76765317478133,1.0917673497701856,6.849466984280971,1.0109595955412503,4,2023-11-21 00:18:57
0.19349248936497065,28.40438296736469,-0.592136570254955,10.636971331261332,0.7858618523034363,1,2023-11-21 00:19:07
0.4932267114340114,33.60105366728183,2.4027602123768195,8.170205305490413,0.777501611313832,2,2023-11-21 00:19:08
0.5302817807486235,12.525990069764987,1.5660301593886317,6.486501993427637,1.3746578513784655,3,2023-11-21 00:19:08
0.48091460779680056,19.59997658645386,1.5447964069131273,5.5680562188168645,0.7882870936732774,4,2023-11-21 00:19:08
0.030974956696757983,19.520432878036242,2.131389391130818,8.106117621908844,1.0392969786774908,1,2023-11-21 00:19:18
0.9122930428886872,25.810012797983333,0.7429614752554324,8.576185336892276,1.0952255142796203,2,2023-11-21 00:19:18
0.495075451429736,26.9668286816396,1.2389525782775805,5.383064189804478,0.9872020018932331,3,2023-11-21 00:19:18
1.1719332107604288,28.92546138048349,2.191685850370997,7.464240986335611,0.1815458740910353,4,2023-11-21 00:19:18
0.08603571812771527,26.683859670187445,-2.108497867426169,7.228175652014529,0.39962358503450923,1,2023-11-21 00:19:28
0.5117787167984167,34.499604917015496,1.0454589225352735,8.053741777708778,0.390559495520866,2,2023-11-21 00:19:28
0.2780164000326763,5.3154964007786525,2.4459353983329306,6.721073075806878,1.1255360947029072,3,2023-11-21 00:19:28
1.3494347775189324,11.326029331411238,1.7385499772400044,5.97955883869964,0.7807751532021072,4,2023-11-21 00:19:28
0.4062497818842995,30.0156109077267,1.1241372480612601,7.02443765340232,1.3515345017875224,1,2023-11-21 00:19:38
1.3154590980008514,31.867212982155483,0.9111922394556806,6.429003593375646,0.6137252512725985,2,2023-11-21 00:19:38
1.192004588257039,28.924569252871862,2.727659704534097,6.853996429032236,0.5852122012414314,3,2023-11-21 00:19:38
0.7691494173697688,55.33734310098512,1.807303464749563,8.898266478478005,0.9984757556053061,4,2023-11-21 00:19:38
3.1367873872644707,26.39325643041692,2.6576079080846027,6.4176955138594955,0.9444624623905391,1,2023-11-21 00:19:48
0.16088324278746013,14.422530245665017,1.1672415799211198,6.5332230333376895,0.4225265472440724,2,2023-11-21 00:19:48
0.5129689930718342,36.58501800121168,1.0805900325770845,7.0574044457896195,0.7902087903735938,3,2023-11-21 00:19:48
0.1754915180917488,26.709140472834306,1.8362010520825343,3.7793439233520076,0.42220821602061587,4,2023-11-21 00:19:48
0.5098842935082575,13.13559517183733,1.6793178365584127,7.8748994538463535,0.8536424395907225,1,2023-11-21 00:19:58
0.6822851232015676,35.43906157591459,3.030114690003432,5.80336617238753,0.4267455623525711,2,2023-11-21 00:19:58
0.6142879530206519,24.64805788454976,0.6090259233029112,5.326653915865723,0.0436063319695873,3,2023-11-21 00:19:58
-1.3605350354281098,7.748233857634229,1.8073496551202837,9.658048928918612,0.7789184625023541,4,2023-11-21 00:19:59
0.26745911361239355,23.76863564003256,0.2808171115843121,7.322781539244529,1.6965063881841833,1,2023-11-21 00:20:42
0.5725678253047431,20.19276239583017,1.0552085233520114,11.021156159496034,0.25968363645048576,2,2023-11-21 00:20:42
0.9090631445204135,2.5146115057746385,1.0920822051878059,7.3865172151497935,1.2944258618519178,3,2023-11-21 00:20:43
0.6219693350167071,24.776433079803958,1.7052224254295707,6.32260808922792,0.9612265198644893,4,2023-11-21 00:20:43
1.809494670899424,26.827210085863392,1.5305507735350692,7.28937409296986,0.6440232005365386,1,2023-11-21 00:20:53
0.7190082383344603,13.430205324578653,1.7695911087135792,7.313860339484533,0.5869184055644467,2,2023-11-21 00:20:53
0.9997792527128493,31.952818125736577,1.8260658627918045,5.94533913670148,1.0444222766063194,3,2023-11-21 00:20:53
1.0846953148821634,22.872379173840866,1.0611655950211052,8.803743678919304,2.0417508811172906,4,2023-11-21 00:20:53
0.25878664306434374,28.61115739435734,1.1744268835019958,8.00991790477806,0.5940939301033024,1,2023-11-21 00:21:03
1.0416206816547957,24.47963836984794,1.869196560065894,15.397378841667994,1.2015534035616486,2,2023-11-21 00:21:03
-1.6457394218565833,16.81019640884977,5.922477107010651,8.194181623638363,-0.009268768511506598,3,2023-11-21 00:21:03
0.49172149407789734,33.80405301026914,2.0028469864270404,6.773678474608831,0.47140166579472076,4,2023-11-21 00:21:03
-0.22196106261079207,31.963659887113387,2.6136144073738867,8.324261989410632,0.16957106448773007,1,2023-11-21 00:21:14
1.0687429888623958,19.094414313519387,1.1035299881954046,8.756215887838193,0.9577828683604679,2,2023-11-21 00:21:14
0.8238539647858317,30.647529562926962,1.1285757030262995,4.018878849473644,0.9596427981082685,3,2023-11-21 00:21:14
0.6815583931106515,26.292774790601403,1.145454225855506,7.4543635358003195,0.33043564222880006,4,2023-11-21 00:21:14
0.291303496698338,22.93098466502757,2.2744721124155904,6.323992256754608,0.7467469543128925,1,2023-11-21 13:49:12
0.48035099722369146,27.296228927598456,1.0050984246333294,6.930930024301634,1.082169359692389,2,2023-11-21 13:49:12
0.8819363427836127,22.97982034949989,2.4945360580684737,7.90408187541929,0.3132870992050086,3,2023-11-21 13:49:12
0.19801916422139426,33.621400920430894,0.8728494034603488,5.851250793408116,1.019634787006261,4,2023-11-21 13:49:12
0.21151418305770125,31.403607857415274,2.135450116327767,7.041260677858138,0.4633677641104009,1,2023-11-21 13:49:22
0.35356534502452736,25.889622326600442,1.0616005328132154,7.851017862132185,0.5573551911533079,2,2023-11-21 13:49:22
0.4504697567890371,30.694321251842318,1.6566188831179054,3.0279295654723866,0.8399152709147378,3,2023-11-21 13:49:22
1.076924343274443,26.41097785542408,2.1953867162254634,5.385004632936963,0.5225097691554723,4,2023-11-21 13:49:22
0.3167151167065612,29.024194067660844,-1.6946794097935156,6.373265369216002,1.1725489767125277,1,2023-11-21 13:49:32
1.1140281230166589,19.754797960170794,2.061450344814041,5.557300490666092,0.627167270867355,2,2023-11-21 13:49:32
0.08144334138297482,27.515563086025097,1.5199848205048394,10.830927950710109,3.5144377404583507,3,2023-11-21 13:49:32
0.020780532387785877,29.335121075730378,1.7489086531916858,8.084575340059127,0.8699502429287125,4,2023-11-21 13:49:33
0.47364146159228404,-15.258307601624729,1.2510239452187395,6.303213910597163,1.2716150433764137,1,2023-11-21 13:49:43
0.847742744000446,27.12860980274627,-2.0921847654815293,8.67764364696152,0.47628335722225246,2,2023-11-21 13:49:43
0.850006685608666,33.75419782436733,0.8915498747031639,6.666220731537977,0.9935137630936345,3,2023-11-21 13:49:43
0.8381915138914443,21.197443261553616,1.2135496089685986,7.519460447582762,1.0214598791765575,4,2023-11-21 13:49:43
0.1802978647059677,34.37160340260647,-0.28409685549116426,5.286376384809129,0.18257634514782584,1,2023-11-21 13:49:53
0.05737458175990795,18.07502020494836,2.120936183423631,5.563516201110003,1.0493526812829816,2,2023-11-21 13:49:53
0.6573538618511352,20.6350159804219,0.801193124337205,8.138445691047984,0.3480313610901503,3,2023-11-21 13:49:53
0.776642215881987,32.560228358340304,2.5700295434075455,7.852846749131517,0.3713476330833171,4,2023-11-21 13:49:53
0.8567646676571512,15.982380678759913,2.3378529667036165,5.738380243979039,0.44302019735551135,1,2023-11-21 13:50:03
0.28386398729921697,24.178174567910855,1.763713631150689,7.460617453843751,0.43627351615232124,2,2023-11-21 13:50:03
0.5938464798711641,27.660304902622624,1.039328818738225,6.073109574604523,1.1124137096478197,3,2023-11-21 13:50:03
0.9094739478459345,33.220762565315134,1.2972187979541165,8.93237000962547,1.0607376814497256,4,2023-11-21 13:50:03
-0.15951374034688026,20.303225917303674,1.3815253430866727,7.1861023349433655,1.1088456903480872,1,2023-11-21 13:50:13
0.83625905829733,30.040557862357367,2.612648222942134,8.342013538070026,1.0983330768434063,2,2023-11-21 13:50:13
0.48250513276300494,-0.6777758160780003,0.9165767940138195,7.850564436940314,0.3276301405313304,3,2023-11-21 13:50:13
0.9783499121517917,21.030151200161505,1.6044891631843263,6.676852759112212,0.7177810787608481,4,2023-11-21 13:50:13
0.969259209584449,21.02658275610589,1.846151517915424,9.136323859844937,0.8519416116053462,1,2023-11-21 13:50:23
1.2722734700266098,25.889347556810055,1.5722910495519946,8.132891726969554,0.9594610314186071,2,2023-11-21 13:50:23
0.7470112327367087,27.18034140975572,2.536186664789529,7.232759039376633,0.1678154952117209,3,2023-11-21 13:50:23
0.5147150457025218,20.1740710234155,1.6401244976600358,6.890485534449839,0.7516702989722633,4,2023-11-21 13:50:23
0.6314737353473121,13.312776275992336,3.0823918297615744,7.079497257102264,0.41512529626149486,1,2023-11-21 13:50:33
0.7501500954513409,23.57919294830545,2.300555841507749,7.230065811905502,1.2331186404977357,2,2023-11-21 13:50:33
0.36196878847067304,23.569982084083776,0.6613176601351858,7.016039805045451,0.7370352211854055,3,2023-11-21 13:50:33
0.5630224344489331,27.962858840082166,2.286460872056579,5.677202979318853,1.2837730830190397,4,2023-11-21 13:50:33
0.7373153610279322,21.6485414165635,1.2434674451034442,8.236920979793146,0.684935482677893,1,2023-11-21 13:50:43
0.829263672759841,21.72898469602738,2.212753647190425,-1.8845764468501436,1.512358589970298,2,2023-11-21 13:50:43
-0.13585240047967473,23.007252072739234,2.0635904186642646,9.288339651332201,0.4751381658161657,3,2023-11-21 13:50:44
-0.01121355407952429,22.302461037999052,1.4148749060744963,5.101112660166647,0.7314765385046182,4,2023-11-21 13:50:44
1.2825882229016137,21.725961287964168,0.1345863918489083,7.888344560124825,0.3018548211634831,1,2023-11-21 13:50:54
0.14127231595271705,24.185774709385214,1.0433419694302164,5.765368197625963,0.730164887485614,2,2023-11-21 13:50:54
0.1101356940607896,15.974919762936628,1.7992689451738848,7.564634423565501,0.940806907532131,3,2023-11-21 13:50:54
0.5962137431838572,27.230771972496616,3.0016039838436983,7.0794549190607015,0.8382748648583772,4,2023-11-21 13:50:54
0.8317310202827511,26.499093498401837,2.5239594346912333,8.08002261710614,0.5014294040038377,1,2023-11-21 13:51:04
1.0659024129898684,25.499511791381924,1.9508207567872191,6.271611507005713,0.8824194015837646,2,2023-11-21 13:51:04
0.4998603026024317,18.42602921421039,2.1751801705054863,7.463752062768149,0.7437316966198474,3,2023-11-21 13:51:04
0.7203503073628943,33.83630625467405,2.103876240046108,6.253493421581116,1.0396338708712949,4,2023-11-21 13:51:04
0.6517051498004495,25.01968758293551,0.8517358476509325,7.040912473042207,0.5630930878492573,1,2023-11-21 13:51:14
0.4746664591516708,26.65066086180559,2.4707223071561706,8.00315834491296,1.1998927066409812,2,2023-11-21 13:51:14
0.033496858182339606,36.64570245539029,1.8563077580227907,7.936818562677323,0.9934070531272463,3,2023-11-21 13:51:14
0.2683214453720664,32.91825772655692,2.7889930972925656,6.852810913982527,0.3156479285186288,4,2023-11-21 13:51:14
0.7402300695039828,39.40193016444667,1.7753997801364922,8.753417384468023,1.6020280098610278,1,2023-11-21 13:51:24
0.3830068884329889,35.94262870793574,1.941747491077829,8.048974135632594,0.6591956950230135,2,2023-11-21 13:51:24
0.975098091472304,15.571909298715081,2.0206639414784457,5.262513100071456,0.8576206920437688,3,2023-11-21 13:51:24
0.2542346471167007,22.00574699603482,2.5794837918603193,6.2774067223579175,0.7438151193334401,4,2023-11-21 13:51:24
0.49415350391463436,26.448557913568568,1.2362568294668832,11.114550998048463,0.38050967271629044,1,2023-11-21 13:51:34
0.8728490433936114,34.63828109178958,0.13513389430329026,6.3553763791310995,0.7588009716587256,2,2023-11-21 13:51:35
0.1902997869073102,21.589294288127164,1.0640553241918351,7.442858124527186,0.9169897930480726,3,2023-11-21 13:51:35
0.8010760616732572,25.294719880184694,0.7277611804981237,7.281073390955922,1.0600202637832867,4,2023-11-21 13:51:35
0.7780310725623588,22.630353382200926,2.8270997000080094,5.57128109867095,1.4407801367200963,1,2023-11-21 13:51:45
1.0660016310377152,19.975547640380633,5.0695351480520845,5.996214595571926,0.3295940322492323,2,2023-11-21 13:51:45
0.32253405331798435,30.9870374878562,1.0750549847752726,6.575774891384911,0.6282281887162604,3,2023-11-21 13:51:45
0.5689007792147702,30.21554572520047,3.222281022578399,7.088298598111765,0.9483893685929028,4,2023-11-21 13:51:45
1.5478004907106429,29.901625317379818,1.147798745674824,5.647593090673703,0.5645648340082873,1,2023-11-21 13:51:55
0.08538714687705384,30.799632536654784,3.7111079220608474,7.450715777627103,0.9383141421276362,2,2023-11-21 13:51:55
0.3947086559642443,21.881060507866952,1.3356503440216319,5.73425515135241,0.9468682823702966,3,2023-11-21 13:51:55
0.594729167846443,31.788637710811336,1.4994819027003263,5.549800301527149,0.8483200910679465,4,2023-11-21 13:51:55
0.6576102471492419,9.442602582681328,2.0369590369319344,5.515766102062081,1.0202018995752733,1,2023-11-21 13:52:05
4.188089746701761,36.69422384187379,0.7397029607979054,6.62564020821582,0.7028029082511972,2,2023-11-21 13:52:05
-0.13024303377150925,25.914342798275797,2.372340044820347,5.426691710454762,0.868253796666705,3,2023-11-21 13:52:05
3.159503205827654,32.64472561473314,2.8299938339984587,4.470839511575022,0.8130345985520226,4,2023-11-21 13:52:05
0.4678694472730751,18.977311514216083,1.9632880565577515,5.189101191360439,0.389389810372253,1,2023-11-21 13:52:15
-0.18192671795298343,19.120870288013652,1.0602001649671933,6.206604117568145,0.5279911422843588,2,2023-11-21 13:52:15
0.43410495127481985,24.556876842679667,2.3824941383180107,6.327984228752112,2.925946210393697,3,2023-11-21 13:52:16
0.5233458804997814,20.916919232426984,1.0619947435640373,6.991352008639681,0.39927530808161493,4,2023-11-21 13:52:16
0.6303289228358475,19.066863268952694,1.0435939801667127,8.882202646246476,0.37240054613516177,1,2023-11-21 13:52:26
0.4504326786056193,-22.42747614081466,1.0585264363653897,4.945244303628005,1.0239335542546952,2,2023-11-21 13:52:26
0.7437980604951429,25.010961300704857,1.4287448029451113,11.054025340085275,0.3824263575001201,3,2023-11-21 13:52:26
0.3770625252366502,-4.654664012477756,2.3726672136475653,5.530072122288537,1.1204310360205945,4,2023-11-21 13:52:26
0.20694900683321749,22.58528202944541,1.4925083425592929,7.0416149170371,0.7082412586866943,1,2023-11-21 13:52:36
0.856055852642633,25.18160028320066,1.3303692941899399,6.976503932442628,0.9356576300242043,2,2023-11-21 13:52:36
0.8163345699735208,18.803865322014886,2.5840829175190443,7.850530537950557,1.2880388292166285,3,2023-11-21 13:52:36
0.3304731465840912,32.070246174919504,2.6540087574907236,7.912428472708156,0.24229338731809447,4,2023-11-21 13:52:36
0.22279375509556942,17.093849427728284,-0.19879760638512356,7.834768088450573,1.2479526034596506,1,2023-11-21 13:52:46
0.5848619386533054,28.129511666645264,1.7514447933487252,9.394585417756243,0.8111670406332573,2,2023-11-21 13:52:46
1.1051117111888504,32.05829962463608,1.9085690680065457,16.457644691323065,1.3983108306859409,3,2023-11-21 13:52:46
-0.4076034160225609,23.137848140287236,1.457092221314719,6.237443559850041,2.500343500475216,4,2023-11-21 13:52:47
-0.6528905113058842,17.002065877446704,1.9358794290579056,6.651115843015061,0.13333450487833975,1,2023-11-21 13:52:57
0.5342804574368373,42.321988908415506,-0.20380917600085513,7.12208374948842,0.4091568389888857,2,2023-11-21 13:52:57
0.4831157401489426,31.124580742280678,1.9735403787982728,7.482647025081308,0.5927199954575322,3,2023-11-21 13:52:57
-3.2373348609016235,32.257441946744855,1.7659655393597518,7.4584462893458685,1.4821109153824341,4,2023-11-21 13:52:57
1.3231934079810608,38.05211031717111,0.3149401646867116,7.4466513249771396,0.5086975342739468,1,2023-11-21 13:53:07
1.293322812692543,21.84196674466037,2.4033107102809006,2.4160542124282784,0.9211016715590807,2,2023-11-21 13:53:07
-3.0234607169728966,23.633660665061306,0.6513003952077228,7.07539792834311,0.8517406545249292,3,2023-11-21 13:53:07
0.5448456082931717,12.91815240075695,1.605461854022387,7.362688044571982,-0.6796437186378823,4,2023-11-21 13:53:07
0.2236363766938061,16.84271698332814,0.15969790278134566,7.7642786003864535,0.9143775534790568,1,2023-11-21 13:53:17
0.33170900546631454,28.903296234052757,3.1051037646341975,6.457257441719487,0.9793216623213694,2,2023-11-21 13:53:17
0.5035615085892907,30.385652652443675,2.8960686006368825,9.398686292621214,0.9379459113154273,3,2023-11-21 13:53:17
1.3358670317230286,19.583822099467238,3.038231516920484,5.859775399711409,-1.452746560283354,4,2023-11-21 13:53:17
2.342632964246504,26.72470672043937,1.3795260924123225,5.513545828154499,0.47553050658827994,1,2023-11-21 13:53:28
0.6207811810670136,14.536658087545524,2.5408322305864144,12.494174102780221,0.43577046012056175,2,2023-11-21 13:53:28
0.6935287949369727,23.81865019780838,2.456327881026559,7.282775706947113,0.7818340991730556,3,2023-11-21 13:53:28
0.8222504338822524,20.82778840596205,0.89362858430841,5.691206212351949,2.0997375539888217,4,2023-11-21 13:53:28
0.9355381375650937,18.064642441312213,0.41408488340568317,6.962475340627659,0.6817440218308445,1,2023-11-21 13:53:38
0.6419855091488348,22.471035035254086,1.2662752748751585,8.072663554062677,1.4566863185752612,2,2023-11-21 13:53:38
0.26841271993784127,-23.787961188157084,2.531039363215905,5.824072738527768,0.8899306810001536,3,2023-11-21 13:53:38
-0.06376286243302798,32.57560168904225,2.2289266608901044,6.699812058017914,1.0736259483008757,4,2023-11-21 13:53:38
0.5264750603226208,29.33046700089977,2.1411493289043877,7.295970348292872,0.4718629171425297,1,2023-11-21 13:53:48
0.5764448631495817,34.251827090557825,0.18332712781421967,6.8378291833368685,1.0302151784824547,2,2023-11-21 13:53:48
0.8384381793826605,18.727588737586707,2.3285383178941776,8.337778959217284,-0.7063330821762812,3,2023-11-21 13:53:48
2.1223408390454614,28.969730950787852,1.9854754828068297,6.928158729115931,1.128255189807531,4,2023-11-21 13:53:49
0.11990304667122686,17.66139263222297,1.923941082423518,8.833840456350371,0.9747186688081713,1,2023-11-21 13:53:59
0.40464441666551704,28.248300279068374,2.436798211793015,5.583652273578442,0.7229100901517201,2,2023-11-21 13:53:59
0.9906164511334499,25.780696431442454,0.7822141971890508,5.3917222551262585,0.7741462144939432,3,2023-11-21 13:53:59
0.8362058110978977,34.390067209914584,2.015480492518386,8.646149896997262,0.46706351554163833,4,2023-11-21 13:53:59
0.5558845953767371,33.24179061474063,1.731856554402954,7.07696716760883,0.6164980420576504,1,2023-11-21 13:54:09
0.554829761800702,49.508259300137176,2.0473087939536105,6.528670699368844,0.9486030744512146,2,2023-11-21 13:54:09
0.4787334897656043,22.195670609588984,3.379390176980464,19.093786722470746,1.4300683638733473,3,2023-11-21 13:54:09
0.4895826630172233,17.563688632937534,1.559145565684655,8.284771659333176,0.39263889253788326,4,2023-11-21 13:54:09
0.9526922778081564,25.229095669443915,2.746876382851272,6.819131538630904,-0.7787203334717268,1,2023-11-21 13:54:19
0.20826842268696255,21.11299553196943,1.1651144178024353,8.22460306502795,0.5326805465475606,2,2023-11-21 13:54:19
0.33078815796721883,23.33518790892036,1.3422876089748856,0.21885552581699486,0.7561752052321866,3,2023-11-21 13:54:19
0.3725305266001845,23.317187812755137,1.3522945816278298,7.315464058880309,0.8649364146002227,4,2023-11-21 13:54:19
3.215104805588398,20.06216346673437,1.7774432312793904,2.8086245196061563,1.5758997763330402,1,2023-11-21 13:54:29
1.0472478946484718,20.95161137569066,1.3241378646679682,7.967187328242658,0.8489027762329904,2,2023-11-21 13:54:30
-0.16191613587402454,18.202852350234583,2.4507358920768993,5.543940368738888,0.46831894247640116,3,2023-11-21 13:54:30
0.6740446701663695,21.557029050271144,2.7860867080681553,2.8502836509770155,0.9938642285161718,4,2023-11-21 13:54:30
0.7598363180168987,22.82015336630103,1.4569628133287675,8.904806980117794,1.3457256702088818,1,2023-11-21 13:54:40
-0.07364688163928002,-54.0095870687139,1.1994189906482584,2.5559634646635025,0.8890620900179295,2,2023-11-21 13:54:40
1.7605846653404789,26.978430090960117,2.8882262416563584,8.408781297247865,1.568108713373589,3,2023-11-21 13:54:41
0.45428036015578566,19.74240275755013,1.3655299623244612,7.369807712154121,-0.4153616890099041,4,2023-11-21 13:54:41
-0.5194096152287687,23.317106220812892,1.5312416897184704,9.849952031717514,3.305566699966584,1,2023-11-21 13:54:51
0.6414721953226277,28.054310363186868,1.882707208450949,7.653027299669977,1.018819107906562,2,2023-11-21 13:54:51
0.9005367174765686,24.418391984280014,1.0346357863229931,8.659969216207065,1.0515642252045676,3,2023-11-21 13:54:51
0.6565544144258577,19.721551807524275,1.6311438062486538,3.744095326760304,0.24350826433899098,4,2023-11-21 13:54:51
0.20080946708142944,29.770847359403977,2.206649387709163,4.591826505157487,0.041476805183081944,1,2023-11-21 13:55:01
-0.09055461583432378,11.264494409375654,1.9276084619356404,5.897546669700529,0.45696971107630086,2,2023-11-21 13:55:01
0.47217666236568967,29.32941887097239,1.8335179511712096,6.574050537239359,1.545350794956215,3,2023-11-21 13:55:01
0.7015947787085588,-27.449230895117523,2.2159163099051464,5.849621660930632,0.9407215343598381,4,2023-11-21 13:55:01
0.7432146940264553,17.51722190805821,3.299610503719154,7.3195392804062775,0.3517504411907018,1,2023-11-21 13:55:11
1.8866740120806553,15.626910906222403,1.363224178675491,6.9092288893649005,0.7426198798107375,2,2023-11-21 13:55:11
-0.10930673803610247,35.74097877762277,1.7000894278069758,10.00143457954324,0.32654093752061825,3,2023-11-21 13:55:11
0.1518184113287933,25.14374329315271,1.9066095977851254,9.70675133610953,0.5114686430777511,4,2023-11-21 13:55:11
0.9451261670811837,22.265348348022492,1.9190824165016949,5.295692221720337,0.717145259785991,1,2023-11-21 13:55:22
0.8793175600535836,29.90734405557958,1.6751339327633965,5.373875425926667,0.42412452632373165,2,2023-11-21 13:55:22
0.38895076195831596,27.223459985124904,2.1266164317837815,6.064606175720116,0.6880545060533885,3,2023-11-21 13:55:22
0.9898431055851397,30.224557497981085,2.259546730856424,8.351189511550754,0.35448039265048226,4,2023-11-21 13:55:22
3.612913232824412,22.719143396752337,0.6965526091184919,8.994331372462906,1.1886318869220962,1,2023-11-21 13:55:32
0.9295496637544117,28.288921136973734,2.1946203385748295,8.905777524316127,0.9470837488328793,2,2023-11-21 13:55:32
0.4782891241375408,28.68147587584612,1.0574392030321573,4.240653987295275,1.3403041978231642,3,2023-11-21 13:55:32
0.11595820172443083,26.844828866150465,0.8996383780990657,5.19430900584635,1.935396771947208,4,2023-11-21 13:55:32
1.1056498572583433,24.963828274315066,1.1915963000554406,7.677648306300932,0.7732104755302792,1,2023-11-21 13:55:42
0.23763048593623953,31.60437253170435,1.4233191484126486,10.646590871472247,1.0249605927893772,2,2023-11-21 13:55:42
0.6220718174901736,22.74754563943462,2.026707461661347,6.866099154921608,0.596056645323087,3,2023-11-21 13:55:42
0.7762610348602137,30.89714755768754,1.5472846576635781,6.073606209357102,1.0102678597719932,4,2023-11-21 13:55:42
0.36077772112553075,13.264812150218384,1.2969885814383753,3.6713303722824304,0.6773091392879349,1,2023-11-21 13:55:52
0.46723735298895414,17.188736247018156,1.6037079635069809,5.682901850037896,0.849142595738617,2,2023-11-21 13:55:52
0.8865076204294263,18.54657662177644,2.30174452113988,8.528050510017312,0.9680205605037093,3,2023-11-21 13:55:52
0.7042200167827275,17.706882596826436,5.123516310317365,8.74323566213518,0.9185601082260123,4,2023-11-21 13:55:52
0.187984179967076,23.26020634534124,1.8820524572240913,6.244653454251065,1.0056934778252162,1,2023-11-21 13:56:03
0.46460217259800063,29.540110629269453,0.9532638628112132,7.54358643236251,0.6644926966947524,2,2023-11-21 13:56:03
0.8703458771028947,34.769142539931906,1.7302251982072732,7.281018791290949,1.212983630886308,3,2023-11-21 13:56:03
0.6298891865556208,29.60055841446652,0.8429246659968367,6.342181324252101,0.9940834224755315,4,2023-11-21 13:56:03
0.9407859147188057,24.257831376443782,0.7192368105545286,10.729286300446734,0.8199687633884106,1,2023-11-21 13:56:13
0.6723211651882638,26.917706099699704,1.2653634079241547,5.614085901631686,0.24967792449830595,2,2023-11-21 13:56:13
0.9704036003343901,29.80442400399208,2.367240123149233,6.971785581580944,1.437527654027961,3,2023-11-21 13:56:13
0.4786536468333385,27.76744647945703,1.7068073967562172,6.858960336936373,0.5668853583870923,4,2023-11-21 13:56:13
0.30463603112233567,22.098768565045322,1.419430311233159,6.214759273827264,0.7966270687785049,1,2023-11-21 13:56:23
0.4903204467675677,13.308326144115366,3.4292124406191116,4.6097662778388875,1.1957821409417044,2,2023-11-21 13:56:23
0.22122609570487828,30.84159184551446,2.303063069939203,6.469828750511277,0.45271856660982157,3,2023-11-21 13:56:23
0.27116670618219474,25.64269193685963,3.0984335419907274,8.758929243360784,0.8464675310301968,4,2023-11-21 13:56:23
0.3594306608405199,-60.448484713813315,2.5864715803690443,7.608648210581948,0.6480390499375988,1,2023-11-21 13:56:33
-0.026540964045846605,31.94051502808777,2.211101163997621,7.847516826008066,0.6715018009310434,2,2023-11-21 13:56:33
0.1694324274497021,32.74064332241902,2.7450368627385746,5.798151323383337,1.2285199482762825,3,2023-11-21 13:56:33
0.42857539196712424,18.0999522100871,1.0634158400331426,7.78893233766485,0.5805464886263986,4,2023-11-21 13:56:33
0.8969972213826019,20.686437459973533,1.0349238215761858,7.1020734239583145,-0.4251113358007397,1,2023-11-21 13:56:43
-0.5251604636303179,21.07530633887532,2.2048696793821616,7.690131039238756,0.4540039361057999,2,2023-11-21 13:56:43
0.37126145352387574,36.714914754664086,2.6661636057888805,6.303439869571088,0.3594055953930186,3,2023-11-21 13:56:43
0.8853828712004309,28.39649602366061,4.418870236823559,7.211314759831713,-0.9157752787741,4,2023-11-21 13:56:43
0.7338739668020915,18.120214427502532,2.874913783731974,5.309496014572712,0.4100518502322765,1,2023-11-21 13:56:54
0.5534522196193062,26.601836830991026,1.1545781525277161,8.409570825822897,1.21793150134619,2,2023-11-21 13:56:54
0.49044532716449923,21.891810348552827,0.9068217989841443,6.326317550231535,0.85194406985308,3,2023-11-21 13:56:54
0.28125665415641327,22.94183551970999,0.4555976766417451,7.369855133394664,1.0191569282166166,4,2023-11-21 13:56:54
0.6773342409132279,30.121178771887596,3.3369921068472,6.563046896642495,0.719107778566468,1,2023-11-21 13:57:04
0.10380527506760456,23.53359430321942,1.5276067556112851,7.5016516672033084,0.738371486753707,2,2023-11-21 13:57:04
1.2008900676674932,24.12904612414322,2.051072964061476,7.446221507597178,0.7530488954367551,3,2023-11-21 13:57:04
0.2992639437793785,21.46688077920958,1.5244672356742262,6.9921948189954755,1.0403562848826293,4,2023-11-21 13:57:04
0.784459608538071,16.625163049318147,2.0573361895930007,5.374089040394598,0.5416375878835304,1,2023-11-21 13:57:14
0.14901072632081552,23.996410395180998,2.318464732441619,7.305741106064421,1.2056838899066817,2,2023-11-21 13:57:14
1.4618413969693176,28.21413960314478,1.1503599542319354,6.533987360376573,1.125426608276817,3,2023-11-21 13:57:14
0.482338982014872,18.250921217460093,1.7956928944790795,8.11764565776051,1.0329094072070026,4,2023-11-21 13:57:14
1.3854065697543358,28.920946342038608,2.2901144423310447,7.031824804408458,1.0008637811089078,1,2023-11-21 13:57:24
0.8816044068852604,14.708060648106375,1.7622876364172704,6.270836146755132,0.9996278095512483,2,2023-11-21 13:57:24
0.46884256255677925,12.06443960144961,1.5540439563145843,8.064560082139867,0.9946486655982398,3,2023-11-21 13:57:24
0.7829737003565902,24.061808743839247,1.5014419373516432,-4.63526681766065,1.0917618600234456,4,2023-11-21 13:57:24
-0.5791965888843523,22.339655369812416,1.9216527342756782,7.514021903601471,0.49131635230577575,1,2023-11-21 13:57:34
0.0838077158220547,59.79763264696508,1.627286615033732,6.61247711212237,0.5379197698692568,2,2023-11-21 13:57:34
0.5322939985640731,25.35293928978081,1.5691309624311311,4.525820498113926,1.028990762554042,3,2023-11-21 13:57:34
-2.887697323244355,30.89827136005534,2.2106466809940435,8.544247598636119,-0.27250823328563434,4,2023-11-21 13:57:34
1.911034463393805,16.92248601740432,2.4972252699514828,6.567294500266756,0.5151773165486937,1,2023-11-21 13:57:45
2.640794717640616,33.44696031629777,1.8744083244914096,7.6479366911859294,0.1113153299893116,2,2023-11-21 13:57:45
1.1322225749302928,63.8288995907873,1.9089978224426996,5.572292162387129,0.9598545988452946,3,2023-11-21 13:57:45
0.3430449196236842,28.240243594567534,1.9757045677836609,6.250296176510555,0.02975363818281962,4,2023-11-21 13:57:45
1.2162065169601473,20.985546603603368,1.1842625470886454,6.896693158277979,0.4866639909326564,1,2023-11-21 13:57:55
1.137363046663573,27.56901952964836,0.6406185571922578,7.437709009728667,0.85181696918564,2,2023-11-21 13:57:55
0.16275774134561,26.565794745224785,1.2757074430575228,6.368209244488458,0.6721916659308057,3,2023-11-21 13:57:55
1.0286215458204908,27.46179936103085,2.029973148895456,8.21892457282465,0.7029559503411015,4,2023-11-21 13:57:55
0.34685312397445783,19.63456765311756,1.421679573546878,6.826323720985395,0.4813625680092085,1,2023-11-21 13:58:05
1.5912302847856128,27.061644511288794,1.5259577427406876,8.420828679948865,1.8309424166651778,2,2023-11-21 13:58:05
0.6180313209482864,19.259718349688505,2.4284843179471,3.2183305889335583,1.1029605228889834,3,2023-11-21 13:58:05
1.3258136880588345,26.497471615785617,2.729788045242935,7.510987397265368,0.9419889870196537,4,2023-11-21 13:58:05
0.4214772032048156,12.377270308918602,1.3208317943436645,6.8486736506329144,0.39422390187518747,1,2023-11-21 13:58:16
0.5750613101177473,19.41645777411435,1.3440074340251331,7.351463148063516,1.017316325809965,2,2023-11-21 13:58:16
0.011930037359844103,29.044781397088776,1.9521585608072685,6.149214298760122,0.8172431924745766,3,2023-11-21 13:58:16
0.9103348775532427,13.15280052055531,-1.9166280084329153,9.14152367895666,1.125664919343572,4,2023-11-21 13:58:16
-0.20039366843783357,21.39840660644132,0.24906493836418298,6.80505542833225,0.5316818335539588,1,2023-11-21 13:58:26
3.179750651680382,21.385174005352155,2.379237377229466,5.898495586803495,0.4151217892832797,2,2023-11-21 13:58:26
0.5752872017915109,12.938994513857393,1.8707603185392134,10.11967902993052,1.0547530641538048,3,2023-11-21 13:58:26
0.2949121276787273,21.214166784861753,1.017013480100158,8.378656098329216,1.1517635994356419,4,2023-11-21 13:58:26
0.21922655341681918,13.867972922686235,1.7317546409135274,7.482598152253228,1.7053268539188382,1,2023-11-21 13:58:36
0.2104772264495412,24.267002187593746,5.624290493485063,7.6331730470002075,0.25592413991679974,2,2023-11-21 13:58:36
0.16762201953009748,22.273633061670317,1.860757068263417,6.566688781230237,1.018930797436815,3,2023-11-21 13:58:36
0.9491575604015539,28.11889117471116,1.615041613358585,7.418612643447665,0.5647846997857223,4,2023-11-21 13:58:36
0.5150518159653188,28.22501105708592,1.789063541131727,7.203032491892258,3.015990260469385,1,2023-11-21 13:58:46
0.30328719572941965,25.858532870224035,2.3815479150553656,7.851556367702943,0.8020184692003702,2,2023-11-21 13:58:47
0.5817593825178685,22.952263569617738,1.0350448068966775,8.363405332905515,0.6370163350722485,3,2023-11-21 13:58:47
-3.5103861055249808,23.16092710490836,0.8868347234022387,7.446966073227997,0.9523765463307934,4,2023-11-21 13:58:47
0.9958549202580467,30.42162811741963,2.105868946491292,10.94434913950395,0.26089325434934496,1,2023-11-21 13:58:57
0.41596205617006554,24.698234462453524,1.1378099410016451,17.493801381774468,0.5557887992113452,2,2023-11-21 13:58:57
0.0754754790413904,31.036178451067304,1.5481898104984422,7.529106812517075,1.2173480035109125,3,2023-11-21 13:58:57
1.026100406198879,23.768939192865144,0.6534630880999783,6.416905324525008,0.9054376115872066,4,2023-11-21 13:58:57
1.30227790857966,47.33067147459029,2.417782978101478,3.7856992735102546,1.4262819954023258,1,2023-11-21 13:59:07
0.4674642160456691,16.135844762623044,2.7466434066292127,8.321387142317008,3.1591726401924785,2,2023-11-21 13:59:07
0.7054899322676152,27.375592700278425,1.4988146457776166,8.490212467452318,1.028020904449339,3,2023-11-21 13:59:08
0.7876507182634602,13.65217833079164,1.096004484290027,8.629057399243743,1.3005216245296716,4,2023-11-21 13:59:08
0.5912838543895996,15.62088823862656,0.20495742322370747,5.817559722247275,1.1108691715803678,1,2023-11-21 13:59:18
0.5815990832962413,18.10765786268519,1.467893173294077,6.558188495894072,0.6212719631646875,2,2023-11-21 13:59:18
0.5256747220265422,21.04581373788648,2.198547565735848,6.7096484946661,0.5007403917811715,3,2023-11-21 13:59:18
0.12030683856265728,24.64224398094387,1.734598987213939,8.611980561230633,1.060487733179303,4,2023-11-21 13:59:18
1.171905284368865,26.022442078954082,2.127761302179822,5.899071495127692,1.0811693018033282,1,2023-11-21 13:59:28
0.24184960374655795,25.775331595293288,1.602644574440327,7.034101697406966,0.8242199795321049,2,2023-11-21 13:59:28
0.3719480694849456,22.17024428882263,1.5901750921434563,6.335898154586386,0.8352030616086074,3,2023-11-21 13:59:28
2.321911774800781,25.88692434252681,2.0696782263658617,7.406768816023285,0.5626604197318221,4,2023-11-21 13:59:28
3.2855306167775056,31.13239110667957,1.779461339506723,6.811449043391507,0.3219444048252496,1,2023-11-21 13:59:38
1.055344248057676,23.766625017885204,2.866937992831788,6.169016179256075,0.9155250239973927,2,2023-11-21 13:59:38
1.071032506672307,24.85008921931032,2.354269153699614,8.218570785777183,1.4536094752666524,3,2023-11-21 13:59:38
-0.08938893921313307,24.563041250289444,1.381122055296468,7.207492867632806,0.4474870947708531,4,2023-11-21 13:59:38
0.24184776297662336,26.71148941593031,2.9613487650568535,7.294185761892137,0.4383227067306155,1,2023-11-21 13:59:48
0.7769135100547616,22.53188919604438,1.4695415810705863,-4.076253034594547,0.4937901092753126,2,2023-11-21 13:59:48
0.2990670043713273,25.75054592260746,1.5239481759499516,6.946937604873103,0.6340432775636218,3,2023-11-21 13:59:48
0.4212154770893972,19.768188611700836,0.5406054389782118,8.790900195627048,1.3826870323101992,4,2023-11-21 13:59:48
0.009750382283337689,24.126067070783748,2.7242140310359675,7.863079640242833,1.0724030117268737,1,2023-11-21 13:59:58
0.833452732547409,15.993361953274599,1.1853872045789755,5.596010556205943,1.0980188570882703,2,2023-11-21 13:59:58
0.022778435011610698,20.272781467271823,1.3648578246955072,9.349125208760936,1.6166709289335937,3,2023-11-21 13:59:58
0.6305506125804079,28.261009181833167,2.0222163549259875,7.1800247705069395,0.5851889541832567,4,2023-11-21 13:59:58
0.08504519211633088,25.26527765674517,2.5035661330277947,6.313070924450689,1.3738829175139617,1,2023-11-21 14:00:08
2.121154070938731,28.958197758875432,1.9574071254759458,7.565722884955313,0.3826070301625047,2,2023-11-21 14:00:08
0.2729682867240898,27.191230186607665,1.9406189072331896,7.039990799763193,0.9415871802266059,3,2023-11-21 14:00:08
0.8590484206238318,23.338712889905203,1.9452378204521161,7.726200430565052,0.6749278093763703,4,2023-11-21 14:00:08
0.8185065089287757,16.205058095169854,1.210001599373126,8.526623669652778,0.14464621127439603,1,2023-11-21 14:00:18
0.567782923081537,13.96191570243773,-0.47465170230341536,6.737774346032625,0.7600616910090168,2,2023-11-21 14:00:18
0.513396578785997,26.030244880061634,1.16732390436693,7.416005452962336,0.7263208306858232,3,2023-11-21 14:00:19
1.4441498069387877,29.99933009280095,1.6845520687845368,6.530460823369419,0.8856318321328636,4,2023-11-21 14:00:19
-0.4226119825784581,25.280120035593526,0.11535307093134395,6.390802064251101,0.6199036715613861,1,2023-11-21 14:00:29
0.8478225304849621,32.75578546410432,1.8518780590221156,7.610763060471164,0.4300165548000321,2,2023-11-21 14:00:29
-0.03748732414599565,21.27054900145697,1.0344523157361811,6.149843893896534,0.5054813068529747,3,2023-11-21 14:00:29
0.05084963214803084,23.467340955273567,1.0839407262295215,9.060119283046836,1.2278066983304026,4,2023-11-21 14:00:29
0.317633745571372,77.69264107177558,0.9004067477517851,6.058510470632008,0.5876634358510089,1,2023-11-21 14:00:39
0.5267961596750754,27.796508176504698,1.4464660411297126,7.4840052731426665,3.0548652918424235,2,2023-11-21 14:00:39
-0.17951503060145868,25.694292342489923,-0.960309171823386,5.799366090058349,0.6080463168738709,3,2023-11-21 14:00:39
0.5853067404286231,25.713695826288497,0.9870832952388916,7.394374574331332,1.8683104478017587,4,2023-11-21 14:00:39
0.8042357156104949,30.356572668750502,0.9376332737188732,6.47545958424565,1.4170356434652291,1,2023-11-21 14:00:49
0.17088974245092836,22.650586794195075,1.8480305301768152,4.624881643826685,0.8727438462351294,2,2023-11-21 14:00:49
0.3219226814747476,21.06830861817008,1.314186554286933,7.432882289331516,1.0541048528016383,3,2023-11-21 14:00:49
1.1312762919407455,21.00532827093291,2.5940560906324817,6.961518952536121,1.0262334818314998,4,2023-11-21 14:00:49
0.4833097315093059,28.36604804195348,2.160442325645228,7.3750164954598745,0.8618846537669878,1,2023-11-21 14:00:59
-2.2810788631076226,33.97296430235831,1.7191805258170143,9.105480962792646,0.575883694756611,2,2023-11-21 14:00:59
0.5037732876709158,22.11957965287971,2.476759867985508,5.63042758936714,0.9519840300105606,3,2023-11-21 14:00:59
0.4571642259884543,17.468958164236895,0.8903601268798628,7.564471219723622,1.0546437958304584,4,2023-11-21 14:00:59
0.7968559716070425,34.799424563369115,2.1225793978513816,3.684647411578358,0.508656854588506,1,2023-11-21 14:01:09
0.6573005326869951,29.760257209869977,1.8678251841003022,7.1627389289118595,0.9708557280670976,2,2023-11-21 14:01:10
0.782771120303206,22.176822463989,1.22139856033066,6.615332539574645,1.2130872141409428,3,2023-11-21 14:01:10
1.1715713617919057,23.085353813532688,0.7413176310126401,6.827184577125712,1.15279794465097,4,2023-11-21 14:01:10
0.6022306370527118,21.580565289490526,1.4276471505185464,8.36479925842174,0.26686095725204095,1,2023-11-21 14:01:20
0.9708707746881062,37.40172421336577,1.460609896573639,6.499416242045957,1.0125672454122503,2,2023-11-21 14:01:20
0.9309588081373824,24.228107662507178,2.257685072280262,7.0397046774806515,1.0844760037399332,3,2023-11-21 14:01:20
0.911227057688528,26.24692619403123,1.4096114913546516,6.472228572192078,1.425359355776803,4,2023-11-21 14:01:20
0.564969113709562,23.756407255821298,2.12648526065289,7.903690041269534,0.22253507921927196,1,2023-11-21 14:01:30
0.6792701779194119,5.575944786724762,1.0111144565981411,5.080555598746092,1.030876825779666,2,2023-11-21 14:01:30
0.38562855178752026,23.59985352683177,1.9936718714924688,5.655314324752821,0.5216209360542816,3,2023-11-21 14:01:30
0.6880650750565077,24.17785331743341,2.5157984945442826,5.1253047405033545,0.389240329024296,4,2023-11-21 14:01:30
0.5009878263336582,30.100014413722608,2.162317002054335,6.047778376287932,2.41439829122597,1,2023-11-21 14:01:40
0.3985887054973132,31.841120714044997,2.3702171811431643,6.979295666108191,0.9718325310250563,2,2023-11-21 14:01:40
0.40519558060650107,32.38824181627112,2.237063684368827,13.749419255271889,0.772431382015991,3,2023-11-21 14:01:40
0.3396400452244794,28.296111832845984,1.0289636977140262,6.316300682754637,0.7487863779665999,4,2023-11-21 14:01:41
0.6669263133047463,26.077540859317647,2.2575216824356037,9.55841272496293,1.0242118544942722,1,2023-11-21 14:01:51
0.37847679182113125,32.14361266734204,1.371589032099362,7.233475321290226,0.6171698046880377,2,2023-11-21 14:01:51
0.13622106691856828,32.257195393001915,2.1110402954997958,8.338217959528034,0.5537145896549854,3,2023-11-21 14:01:51
0.6917542178852509,15.122942425141964,0.9268106483073201,7.13943804129722,1.204248201278293,4,2023-11-21 14:01:51
0.5575816962432222,23.721145959440097,1.3235406654248003,8.397587697615387,0.05021283670698695,1,2023-11-21 14:02:01
1.1412996803052273,20.816594872164423,0.5516835051573614,7.401492027209199,0.43752901039859676,2,2023-11-21 14:02:01
0.8371679785552124,32.39640191930651,6.304407823258341,6.569152496016814,1.4837775565026972,3,2023-11-21 14:02:01
0.8304012266648093,21.05713665997294,2.905378728200634,7.81625982688072,1.0304103616873517,4,2023-11-21 14:02:01
2.513721352016954,45.55873489414705,1.7462033123523863,8.688072858628097,0.4792843395588028,1,2023-11-21 14:02:11
0.16126886691382236,25.362435437377016,1.861913701030438,5.914810278555969,1.1980261114307729,2,2023-11-21 14:02:11
0.7210370813524042,27.364167279522484,1.086795214223437,6.094182350733713,0.6959283308144908,3,2023-11-21 14:02:11
1.0570660967739627,30.690980093007433,2.226173690050836,8.150987510425349,0.8552600599844307,4,2023-11-21 14:02:11
1.0521271232365899,29.52558181723336,0.1410467048664248,6.543805187397908,0.5241907000289387,1,2023-11-21 14:02:21
0.035374733947827086,14.371023324382554,2.747579089336748,8.01080832904704,0.9757153016273918,2,2023-11-21 14:02:21
0.2033287530540439,19.229134692761335,1.7883197094049652,5.955150064609397,0.9894064158635527,3,2023-11-21 14:02:21
0.3922831683397735,23.18829707538432,2.260683250597849,13.350036316729076,1.2898088334411366,4,2023-11-21 14:02:21
0.16744782951858644,26.358538523649017,1.975852271535774,7.360238329450047,1.1129429854059052,1,2023-11-21 14:02:32
0.5604315026217378,19.26776272941342,-1.8284547843024745,6.651397850851459,1.1393272719857113,2,2023-11-21 14:02:32
0.6445528705714229,21.107250785011395,1.2924905793213797,8.289937275924546,0.50816773884576,3,2023-11-21 14:02:32
0.41740960267328964,22.525278220200057,2.425373001330901,5.97084975397893,1.160338071338456,4,2023-11-21 14:02:32
1.3131252609989574,24.15933786626806,2.699859080834254,6.668832107669381,0.6541678961983874,1,2023-11-21 14:02:42
0.16821273386443808,32.12873058488133,2.0075393187004744,4.996586387426854,0.8936248827298373,2,2023-11-21 14:02:42
1.1619297708779952,30.029361220066033,2.7231394604724564,7.62353825514584,0.9186069643429147,3,2023-11-21 14:02:42
0.17036619714305706,27.54952500444155,2.5278815322087835,8.298795197229358,0.606807807796182,4,2023-11-21 14:02:42
0.7347361896713027,38.63011932133125,0.6140091462000372,5.651257724455913,0.8467310484544042,1,2023-11-21 14:02:52
1.4390493253673156,18.429820249413993,2.3451756091491167,7.16097044935741,0.7360669837678122,2,2023-11-21 14:02:52
1.0521652051160006,20.782629049688122,2.604286591475904,7.1037506000867,1.345415283577132,3,2023-11-21 14:02:52
1.0551127405201015,36.730922461557725,4.183015187869049,5.747121998615373,0.7188829010533465,4,2023-11-21 14:02:52
0.8634034890786597,26.50563893749783,2.778622997031267,5.796103081452062,1.1772472666488532,1,2023-11-21 14:03:03
0.6677237417439315,34.291666240483565,1.8859467704798303,6.3230329206910065,0.018514947577253915,2,2023-11-21 14:03:03
0.39360028676449654,25.09483409522941,2.5109442722845676,3.6399125661030176,1.2164862864242543,3,2023-11-21 14:03:03
0.6720926777288001,38.64775557644484,2.94680081250814,5.8296072739161335,1.0087512841119948,4,2023-11-21 14:03:03
0.333515096949014,20.957898205874983,1.9677872800210137,7.675436469780784,0.9778519509913359,1,2023-11-21 14:03:13
1.1326636943756514,25.679732909463517,1.6765541439826328,7.513678066412132,0.7793864919114147,2,2023-11-21 14:03:13
0.6288786180653652,52.46513574003946,2.096982910807987,7.6088564718820795,1.376705036530605,3,2023-11-21 14:03:13
0.9313802404006809,33.331957882111126,2.423055279339513,7.6053431396884825,0.8801122141796842,4,2023-11-21 14:03:13
0.8405151067654069,32.05653902432762,1.3698567339045808,6.3159699128843645,0.42865768788510755,1,2023-11-21 14:03:23
0.6224106683913893,21.519580657363118,1.5970287014504312,5.9485345475424936,1.2249827475410862,2,2023-11-21 14:03:23
0.02801053600003378,25.640965182676208,1.7138704900219268,7.477341253258768,0.44272764633799877,3,2023-11-21 14:03:23
0.1272899394912408,20.151292353192822,1.7246360328745323,7.063315307872333,-1.993902932524523,4,2023-11-21 14:03:23
0.5170889979378713,22.159685482411394,1.4949684152654348,5.241017235917116,1.147536561730385,1,2023-11-21 14:03:33
1.1997083003389486,20.237983328765953,2.8015801651299204,7.532889019614967,-3.7075213776220375,2,2023-11-21 14:03:33
0.3475389549720921,32.479038736622414,1.87427377868052,6.724158401188659,0.6199013644253899,3,2023-11-21 14:03:33
0.3884337390674235,20.44938005243105,1.3628351510736285,4.976642084749333,0.70986090114207,4,2023-11-21 14:03:34
0.6209958943903042,34.66476073421896,1.658791438716847,7.632902414037956,1.0572919471741447,1,2023-11-21 14:03:44
0.6239872139939844,37.513302293480905,-4.6178750708271235,6.051925355317037,0.2823327326899788,2,2023-11-21 14:03:44
0.24574069852909708,19.12632995955653,1.2404410078360835,6.70117973220337,0.8958533055110474,3,2023-11-21 14:03:44
0.53619229013864,28.854003967543697,2.6731116927403784,7.842554813661384,0.5038227572095868,4,2023-11-21 14:03:44
0.5124814390876609,25.517115393074903,1.4823762475317932,5.31667931577716,2.8363267530598497,1,2023-11-21 14:03:54
0.5897425413678045,21.96979883763192,3.6556441667400623,6.498312138927212,1.1676035107228417,2,2023-11-21 14:03:55
0.8710863503640494,20.88970889667427,2.1193956464975976,7.612985017459922,0.8481610953020615,3,2023-11-21 14:03:55
1.6055577901889335,27.470494945093172,2.4015269161282804,6.342056072217554,0.5214286184297985,4,2023-11-21 14:03:55
0.9230156712629309,29.337365988231035,0.5241391162347899,6.907640739381232,1.4335551915216436,1,2023-11-21 14:04:05
0.6820592503308741,24.26139376551387,2.11633528213788,7.302529114726398,1.189349117797919,2,2023-11-21 14:04:05
-0.046921540000134265,-21.527054937893503,1.4108217169148367,8.361086051430432,0.7258798896668635,3,2023-11-21 14:04:05
-0.10221218933651144,16.77938333047574,2.712621202860579,7.70811474035461,0.8885577371799364,4,2023-11-21 14:04:05
0.4746191195719668,26.964035009119648,2.424271688036132,12.898523399653072,2.017564732957939,1,2023-11-21 14:04:15
0.5677333002218742,31.515530196729216,1.473580453052352,7.191660913020949,0.7476121119833118,2,2023-11-21 14:04:15
0.7432651184737646,31.92240768102055,1.5627770439373698,7.035290469297543,0.8198182096241508,3,2023-11-21 14:04:15
0.5017522714245002,27.548698642392445,1.6138672241142835,6.730323234969935,1.2385736874282656,4,2023-11-21 14:04:15
0.5707886319484612,18.817433751221483,2.016205318881868,5.167407783612497,-1.307721130824153,1,2023-11-21 14:04:25
-0.1392003451660796,21.552278485514517,1.409382887929276,6.52160102380738,0.3621131444942435,2,2023-11-21 14:04:26
1.4086161674359348,33.577949591211315,0.974918185640028,6.331135884952766,0.8492109054494716,3,2023-11-21 14:04:26
1.3493916080793986,20.88066742352981,2.5268206307919114,6.98677532137792,0.4799600557477183,4,2023-11-21 14:04:26
0.5953170106353783,13.367014682024857,2.4803516863326793,6.10276485915867,1.400597462736223,1,2023-11-21 14:04:36
0.7589847092061177,19.16646456329483,2.5380257729470728,7.411331299228283,0.7367187892152939,2,2023-11-21 14:04:36
0.8619194443146436,24.212859470878616,0.5937285039260976,7.629042167153671,0.7275536611244412,3,2023-11-21 14:04:36
0.730846683614855,27.885413823601617,2.217825555598096,6.959541845076279,0.9273851381030173,4,2023-11-21 14:04:36
0.5986001010010161,25.679531399628413,2.2424361289145325,14.490069356559186,0.9267233005190453,1,2023-11-21 14:04:46
2.1575052684122973,18.061358988081864,2.694938549150111,7.848445831710078,1.1269284280036806,2,2023-11-21 14:04:46
0.12684573194545812,22.4893889809385,3.0958939942469157,8.110313550701362,0.20945762326868855,3,2023-11-21 14:04:46
0.9447087808714136,22.6158995430899,1.6665033433370242,8.211309861927715,0.3188149470987743,4,2023-11-21 14:04:46
0.10244488299443161,24.25913510238872,2.757998789290307,5.915598534262482,0.5019279900367046,1,2023-11-21 14:04:56
0.21989421971444834,28.502285783414933,2.2221267720017024,5.418606642092794,0.13847330939077096,2,2023-11-21 14:04:56
0.5371303835457922,18.630003655286373,1.1443993551016467,5.2385751778475145,0.49346189933778106,3,2023-11-21 14:04:56
0.09863463789324978,18.641903696790894,5.9186602656302965,2.8911083360529783,-0.05079035413121602,4,2023-11-21 14:04:56
0.4943232581591836,36.66398199808764,3.441374141925511,6.15497228625596,0.554659002252235,1,2023-11-21 14:05:07
2.597872405896199,19.070904386001562,1.6895365516510286,6.50268472759165,0.07710669654708135,2,2023-11-21 14:05:07
-0.8086528514700938,22.275443236099246,1.8805691284048405,8.169982769792455,0.898836370167979,3,2023-11-21 14:05:07
1.6768951823927338,54.546836418021684,1.3540693567875417,7.363927814430648,1.1566105642540663,4,2023-11-21 14:05:07
1.4467346429559185,19.249311597501404,1.5913309049282136,4.555653008544272,0.9613457040672847,1,2023-11-21 14:05:17
0.8512371216529133,9.423568928453433,2.310538283518845,5.0301158099792165,0.5298529534217421,2,2023-11-21 14:05:17
0.7059197952001068,27.57589072377954,2.015815757141376,6.862949210042427,-1.700814459762104,3,2023-11-21 14:05:17
0.9731076211584502,26.55127704334015,0.8918783387233649,6.354775424506907,0.7568740883013514,4,2023-11-21 14:05:17
0.4346299069667291,20.8252785380802,1.6459698122451036,8.040592080231445,0.42409166825753636,1,2023-11-21 14:05:27
0.35014879387057063,19.22804729472641,2.0446525366785835,6.823495239901688,-0.19092069884420793,2,2023-11-21 14:05:27
0.6557582153506238,28.15524356545746,-0.339480422223273,5.661586361798889,1.0004872492510493,3,2023-11-21 14:05:27
0.7933785376340285,31.420499172989928,0.9898919917362425,8.234739836608329,1.1102344695198427,4,2023-11-21 14:05:27
0.012277582164790024,27.39603082750316,1.944035814636683,5.848592687694435,0.980120016749892,1,2023-11-21 14:05:37
0.6071849281002185,25.408072511708323,1.4794752764765098,5.4745327341039225,0.9779840060214652,2,2023-11-21 14:05:37
0.27552318582605034,13.740103551031677,-2.436185683753865,7.548470572128732,1.1430861446077625,3,2023-11-21 14:05:37
0.5107063800883188,81.17603476303113,3.9627584409908563,0.8936551157489436,1.2540772800014972,4,2023-11-21 14:05:37
0.2503184321536215,32.25134561510249,1.61360467223198,8.211994415099767,0.6923034353060145,1,2023-11-21 14:05:48
-0.832908591326503,7.397402638160592,-2.4971615071258553,7.980254508164913,0.4906122986187084,2,2023-11-21 14:05:48
0.8606413946145646,25.265844898705843,2.485355602952146,5.632950408710073,0.8989124108392903,3,2023-11-21 14:05:48
0.5509487936781539,28.11904608769876,2.41842488125056,6.460622750181436,1.4509251208014926,4,2023-11-21 14:05:48
0.532238173887178,20.042321219830473,1.6024741762795027,5.710823019898458,0.9280977514306981,1,2023-11-21 14:05:58
0.5354715801406605,23.239063796144652,1.8124889481993844,6.853519874145275,0.8040997009392311,2,2023-11-21 14:05:58
0.7740914948907928,30.13791776809446,2.155265450992211,7.30595427685821,0.08443676130547073,3,2023-11-21 14:05:59
0.910260666309284,29.663972208728968,2.9003204721064506,7.611989002776016,-1.5304517125824024,4,2023-11-21 14:05:59
0.7405720020794366,13.68213464256046,3.205630741177628,8.098293296980168,0.9824233380835036,1,2023-11-21 14:06:09
0.5668966794280043,26.074050475489447,2.137381226586389,12.359742686472467,0.5674344922699939,2,2023-11-21 14:06:09
0.5667993207742478,25.882702663970626,1.7538470557144894,7.300016685013106,0.8967491437149085,3,2023-11-21 14:06:09
0.8961559650155193,23.447135289957615,2.1081837783865467,6.425278566212251,0.9995140336898317,4,2023-11-21 14:06:09
0.5652069628272425,25.740476010081533,-0.5822689475761236,5.7929161020848365,1.037715524661916,1,2023-11-21 14:06:20
0.6948885263578227,18.870210746478683,2.4119616509472257,5.689936363804623,0.6977596026142562,2,2023-11-21 14:06:20
0.006830368494228134,27.9729785989892,1.3081908693395312,7.837487157644207,-0.1597584660480409,3,2023-11-21 14:06:20
0.5895305073273182,27.610021641154397,0.4006735447176968,7.396476645603807,0.7549854471049708,4,2023-11-21 14:06:20
0.6849623506650244,21.965060284558337,2.1478800657697272,6.329763691490725,0.807706267460211,1,2023-11-21 14:06:30
0.5003156597361748,22.84044661419533,1.1804317419143713,9.173801843915777,-0.30036666004094936,2,2023-11-21 14:06:30
3.1959667606523325,-0.6705879499958414,2.1305004025427694,6.722938709517787,0.9105137037593823,3,2023-11-21 14:06:30
0.9819576791640513,30.93560806825109,1.464454304866941,7.365042985918442,0.9997530989730179,4,2023-11-21 14:06:30
0.8068204898131579,20.82087766817842,2.9834244729396806,9.330429407170193,1.4601650719958505,1,2023-11-21 14:06:40
0.3645851619001963,19.42804538222823,2.0204234756322488,7.276495318643563,0.8690982587541877,2,2023-11-21 14:06:40
0.09721234033381065,27.70748069252109,1.7426303553188944,7.32535580270835,0.5533222099221441,3,2023-11-21 14:06:40
1.1289753385123165,27.461188948965773,1.581212531273208,7.086865592326783,0.7858537464998281,4,2023-11-21 14:06:40
-2.238154359099836,31.42969850859277,1.4046029595802274,7.2153877223969385,0.7147782151729846,1,2023-11-21 14:06:50
0.30662036303325574,15.887646374544305,0.3111136234906835,6.449255370589181,0.9061482264361906,2,2023-11-21 14:06:50
0.37050657729232683,14.898976405403753,1.9010184308672415,6.327477875313832,0.7526464933828475,3,2023-11-21 14:06:50
0.4182080986927299,27.29988269858318,2.6049209433279366,4.555097738965232,1.0505370699840544,4,2023-11-21 14:06:50
1.07065853179948,32.622455979298,1.9213623440083993,7.080193314959611,-0.025320317343192955,1,2023-11-21 14:07:00
0.5523215927028136,27.54005398550766,1.5349789022312166,6.90259458651028,-0.5875849498814965,2,2023-11-21 14:07:01
0.9971803548169763,26.718688205382723,1.9623306500823512,10.221521451187037,1.3258673037780793,3,2023-11-21 14:07:01
0.5827270609362966,18.5157886288567,2.4881170341341003,6.397395786985947,0.4096222244586728,4,2023-11-21 14:07:01
0.9071127428066197,30.25775673066377,2.2309632349041855,6.234126095262031,0.2231355895742454,1,2023-11-21 14:07:11
1.125402989875749,26.339179496376723,3.268655535908314,6.713826738063841,0.8990418850077357,2,2023-11-21 14:07:11
-0.23759625444662658,23.20408815934627,1.4705681849601087,8.023373140366768,0.9156310280918512,3,2023-11-21 14:07:11
1.4237539017289476,25.46788367225754,1.7218692779329017,2.230378345796052,0.212820631789855,4,2023-11-21 14:07:11
0.6267889945560047,28.373407353052137,0.998998761729202,6.748589879491255,0.9288245135267014,1,2023-11-21 14:07:21
0.5812341265186506,23.915084258138943,1.825811472468032,8.306247681036067,0.20679710734051415,2,2023-11-21 14:07:21
-0.22243909264393047,29.146328877361746,2.14707167649301,4.790104174980734,0.8805795458443719,3,2023-11-21 14:07:21
0.29621435195859386,17.44289173238659,-1.3508757864655279,8.04360602667416,0.1304735104273197,4,2023-11-21 14:07:21
-0.165682903495728,24.59048897806511,1.67807142929115,7.023083608773909,0.477018547999932,1,2023-11-21 14:07:31
0.11875175163360308,18.068067849505457,1.9495943634368256,8.04685926975971,1.4838489447386207,2,2023-11-21 14:07:31
0.3751265469206848,38.8244998114201,1.2024540801464358,5.1076537805181825,1.3918080835498767,3,2023-11-21 14:07:31
0.3740543345030245,25.862209394064173,1.9192668547789193,4.674805666776583,1.2304039620735643,4,2023-11-21 14:07:31
0.578544116991461,14.630537130205248,1.9760271213886436,6.520362478947292,2.1644537493501224,1,2023-11-21 14:07:41
0.193999176218297,12.158726247053707,1.3634385246714258,7.143852497158376,0.6824590456192381,2,2023-11-21 14:07:42
0.3561281504902716,33.33223937389451,2.268611753637804,6.634380706839154,1.0953193823347673,3,2023-11-21 14:07:42
0.22453586571021666,32.77900125210818,2.092823155650586,7.543838926741152,0.9612083405018746,4,2023-11-21 14:07:42
0.6624879454523419,17.37027826342358,2.206866052694297,6.911894663579637,0.769100242871167,1,2023-11-21 14:07:52
0.28394630255841075,56.438430197209044,2.5413966110652977,5.019831216680558,1.2732388525216882,2,2023-11-21 14:07:52
0.6489612050223241,18.232763773757128,2.710879963847521,5.27460289279054,0.6888919552845988,3,2023-11-21 14:07:52
0.8852485492423585,-3.187623727023457,0.5422047786976001,4.686949241515947,0.5428958427332508,4,2023-11-21 14:07:52
0.9629070202131732,25.279441964839148,1.4634017452834533,7.693975564020646,1.1288203269672692,1,2023-11-21 14:08:02
0.6832744436653253,12.696524549041662,2.1179351240325586,8.549025737795981,-0.47032908857809863,2,2023-11-21 14:08:02
0.18538145352545682,34.669848914052494,2.6102688264874354,6.943211469211967,1.3546357493550554,3,2023-11-21 14:08:02
0.22128864174385737,25.145441832985767,1.5569386154053306,8.088643035406195,0.49202287224893365,4,2023-11-21 14:08:02
0.19989226935302973,15.701357665960497,1.7309295265837672,8.218986466479054,0.5544291683489515,1,2023-11-21 14:08:12
0.02398705879860541,28.52903716566659,2.0902285320637057,6.135215688832972,0.9520622769860434,2,2023-11-21 14:08:12
-0.5926395603159486,29.700394737330654,1.625127537651454,-1.2671565273844543,0.7431975814039459,3,2023-11-21 14:08:12
1.6086980263929616,17.320095721984973,2.190782364676068,8.07266627011861,0.5810103819640537,4,2023-11-21 14:08:12
-5.3922145148873355,24.669507573217373,1.2416887087773965,7.781450949653996,0.832770349493567,1,2023-11-21 14:08:22
0.5634660974147563,33.47651263972007,1.7293315645040424,14.285222813537144,1.0594511793684525,2,2023-11-21 14:08:22
1.0408882955399272,19.87389443231897,1.9812904608997057,7.3791840056989795,0.6482317514166674,3,2023-11-21 14:08:22
0.3356701948711049,22.10888996071383,3.5976538512032414,-0.20109024926862595,1.3581855647399421,4,2023-11-21 14:08:22
1.0086468581028003,22.668021455408507,1.6470770939886297,5.349902482785607,1.230036410544756,1,2023-11-21 14:08:33
0.41331365120298436,21.037529143513733,1.6182158898122683,6.045944217516847,0.4712843788976089,2,2023-11-21 14:08:33
1.3965281926203295,6.005139604589509,1.7827920070421246,7.372725678807933,0.3781412762294531,3,2023-11-21 14:08:33
0.8169121014734715,27.105252724962995,1.871659792786586,8.044306437989935,0.8901933803442326,4,2023-11-21 14:08:33
-0.05308409671216807,34.37863003398021,2.8129534617521554,7.459928497093714,-0.3103511055220769,1,2023-11-21 14:08:43
0.4635259234746609,22.679640423711465,1.6768677838064665,7.11665670391591,0.8676481068177683,2,2023-11-21 14:08:43
0.7457702335427515,31.14332493668629,1.6369952263516019,3.8854687700364394,0.07615377674138546,3,2023-11-21 14:08:43
-0.011397001220908365,26.257982257950605,1.1890791127444955,6.904787319813047,0.6847866256189835,4,2023-11-21 14:08:43
0.6878798158623467,22.79932632735335,2.368548670078901,7.921993082297537,4.06185599177293,1,2023-11-21 14:08:53
0.870415689118232,25.577064758889957,0.7232170599271678,5.810762664763251,0.5571382372573737,2,2023-11-21 14:08:54
0.4031795157868946,72.97056224512545,2.2978556850086536,6.658754612290528,1.01203572445971,3,2023-11-21 14:08:54
0.21520909165229596,23.820852007943998,1.9276164022425182,8.8435444199756,0.6234907562609353,4,2023-11-21 14:08:54
0.3903437310516116,23.760377969801866,0.9004779175300966,6.388277115398495,1.0591689635591517,1,2023-11-21 14:09:04
0.8227541148862718,30.397545818988192,1.212201167501986,7.262831261200046,0.52899010310821,2,2023-11-21 14:09:04
0.5352462705638774,14.053679616778757,1.6439049821463625,5.529392907989084,0.8199762431415679,3,2023-11-21 14:09:04
1.0544907461640216,27.520838010320347,1.0222836617868896,6.346323390126677,1.1992119200307774,4,2023-11-21 14:09:04
0.2636481549276009,27.26681350817896,0.7969052164750157,5.259149204481437,1.0260863806394185,1,2023-11-21 14:09:14
0.815184137125437,27.96672263452551,0.6687168307748779,7.512148420998735,0.6458628608395844,2,2023-11-21 14:09:14
0.4624190083641901,20.813044319012842,1.205896096097438,6.027942898521728,1.191464786903874,3,2023-11-21 14:09:14
0.9110053492035829,24.78081184768594,1.7307768680766642,6.920421763245527,0.19497750944918968,4,2023-11-21 14:09:14
0.049499726874464356,28.234650091995682,2.748062085308793,7.226906473354308,1.517098428010235,1,2023-11-21 14:09:24
0.05367105740487765,33.28858224917893,1.2012549810067856,8.093029630825338,0.9162154635618455,2,2023-11-21 14:09:24
1.2895455190809213,62.435228962259835,2.158333851232724,9.635673427384024,0.9171602126377791,3,2023-11-21 14:09:24
0.9677092534436821,14.474205080529844,2.7243806551092655,7.124357016725973,0.3620122643918392,4,2023-11-21 14:09:24
0.6426125832360634,29.23188818984931,1.5889077482207103,8.935808891005802,0.03534226989026512,1,2023-11-21 14:09:34
0.3534648851391371,19.42197114855854,2.0440728959949106,7.2261890316678885,2.1039377804835557,2,2023-11-21 14:09:34
0.7155840870430883,24.484731030013776,2.056153186485595,5.760338031566111,-0.6572104849790719,3,2023-11-21 14:09:34
0.46573199252607256,29.59482922341792,2.642320629415212,6.215924774233384,0.5289537334635277,4,2023-11-21 14:09:34
0.8981933501318172,32.3346982944219,2.0147390252991895,10.906367327318481,0.04074453933969435,1,2023-11-21 14:09:45
0.9656391133468687,19.909724949665307,1.8763323198894049,8.383341792414436,1.5913028535201066,2,2023-11-21 14:09:45
2.6268067765294427,31.984719261808046,3.0260168703942245,6.552128489580167,1.0981070628159655,3,2023-11-21 14:09:45
1.092879580520339,25.349031786337548,1.063551456149559,7.119895585781031,0.6423229073678525,4,2023-11-21 14:09:45
0.8751580066245472,15.532075286118971,2.273226425779135,6.237384521012499,0.04384190837169755,1,2023-11-21 14:09:55
0.5920800594306797,20.074140471569038,1.6614574147591852,8.708476695169058,0.5030477980930579,2,2023-11-21 14:09:55
0.2307953589411782,20.619587552759278,1.4783622506405616,5.214452231755386,-0.991434094265258,3,2023-11-21 14:09:55
0.140129144497339,21.289350458816617,2.9859668647225135,6.43015777069922,1.051975571835598,4,2023-11-21 14:09:55
0.5425793722778528,35.45000749129121,1.3649994405794477,7.7425673075064365,0.5769551638326201,1,2023-11-21 14:10:05
0.6356663244760048,28.713112583124914,2.9238817981964105,6.990094128499536,0.5048709201860591,2,2023-11-21 14:10:05
0.15070893086835357,22.651843009830127,1.0983286826811258,5.893417777168908,0.4257396844222104,3,2023-11-21 14:10:05
1.2837501627296555,32.6157687448098,9.330286448542102,6.44363137249145,0.6042012801037917,4,2023-11-21 14:10:05
0.510691703526722,16.385857302755184,1.4718672232882446,4.871809882253482,1.0229765623460483,1,2023-11-21 14:10:15
0.6429996453254709,20.36179837668616,2.098472747389044,6.654585787195568,1.3756735564275662,2,2023-11-21 14:10:15
0.29388787646336706,24.094011934366144,2.2828681403978024,6.513908950751699,1.3008119134796385,3,2023-11-21 14:10:15
1.2246921238781412,30.190531920064544,1.611207535138485,5.547574675158589,0.9590832772328886,4,2023-11-21 14:10:15
0.8084475670878893,23.92815299030532,2.011048610865154,9.768045897252733,1.1075129428965458,1,2023-11-21 14:10:25
0.8048977975190416,22.003312674520238,2.0560016956030607,6.744055681578789,1.1718913305706395,2,2023-11-21 14:10:25
1.170893770687691,27.740952864575142,2.549948008570909,4.812747898449329,0.8711800543546421,3,2023-11-21 14:10:25
1.3031687086688466,-31.631545215237416,1.7146024960462554,6.883092438339603,0.6175157484997327,4,2023-11-21 14:10:25
0.7029174171468069,29.079820458134577,0.5738716722753505,6.086937322023638,0.7064082019985727,1,2023-11-21 14:10:35
1.1339311713093083,28.193830906839978,2.3047307315443533,7.850343753796592,-1.6033939525286287,2,2023-11-21 14:10:35
0.4333966321363796,29.423673682900674,0.8096256196860526,7.362416816338742,1.2249004419382297,3,2023-11-21 14:10:36
0.23256912101704613,22.308040889847376,2.6111278699059377,8.086874738631014,0.7496343472866085,4,2023-11-21 14:10:36
0.2718365364506826,20.934313610260585,1.6741354952951952,7.056168133919512,0.9098103762323099,1,2023-11-21 14:10:46
0.9694245274739481,29.03585898687836,3.1079048256400617,9.343157840108907,1.0046313565946896,2,2023-11-21 14:10:46
0.6344459136087853,11.180581264102763,2.5553123916332545,6.000349570422006,1.2361860249229883,3,2023-11-21 14:10:46
0.5995329429251539,23.58604704606129,0.8385291530707643,7.367648809626584,0.8323962199374334,4,2023-11-21 14:10:46
0.23550661445631216,28.69272697967845,1.8466945959139494,7.671023881476127,0.34873841400120187,1,2023-11-21 14:10:56
1.1924746716005932,20.286165190384924,2.4552909589049774,7.634983857050939,0.8477379706407204,2,2023-11-21 14:10:56
0.7290206824384445,34.37423795798872,2.545311980207874,6.847179532806951,1.0982994056328979,3,2023-11-21 14:10:56
1.7171827635414227,21.521956055011664,2.3565268739798126,10.533750890834174,0.4764976021417312,4,2023-11-21 14:10:56
0.5885511891507151,18.495113408759742,1.2227905031267767,7.798385288562617,0.9276677242275364,1,2023-11-21 14:11:06
0.31596446346644563,37.16016992956287,2.022873976646996,6.897044848580167,0.7200899023962868,2,2023-11-21 14:11:06
-0.03874176540596053,20.734545603601866,1.7792223384651116,6.182721569078573,0.9921686006714274,3,2023-11-21 14:11:06
0.03551451795897542,25.32614259363879,2.2944149162882512,6.656629719255777,0.45673403258524153,4,2023-11-21 14:11:06
